antecedents,consequents,antecedent support,consequent support,support,confidence,lift,representativity,leverage,conviction,zhangs_metric,jaccard,certainty,kulczynski
"frozenset({'salary', 'hard worker'})",frozenset({'Technical'}),0.2522,0.50235,0.13025,0.5164551942902459,1.0280784200064614,1.0,0.003557330000000025,1.0291703977039772,0.036522539051210744,0.2086336697100753,0.02834360351702185,0.38786828590793776
frozenset({'Technical'}),"frozenset({'salary', 'hard worker'})",0.50235,0.2522,0.13025,0.2592813775256296,1.0280784200064614,1.0,0.003557330000000025,1.0095601451222789,0.05488105034159629,0.2086336697100753,0.009469614235931526,0.38786828590793776
"frozenset({'hard worker', 'gentle'})",frozenset({'salary'}),0.25005,0.5039,0.12945,0.5176964607078585,1.0273793623890821,1.0,0.0034498050000000002,1.0286053482587065,0.0355353161048898,0.20728582866293035,0.027809838153312737,0.3872963351366242
frozenset({'salary'}),"frozenset({'hard worker', 'gentle'})",0.5039,0.25005,0.12945,0.25689620956538994,1.027379362389082,1.0,0.0034498050000000002,1.0092129923888369,0.05371842433554144,0.20728582866293035,0.009128888013054136,0.3872963351366242
"frozenset({'gentle', 'Technical'})",frozenset({'salary'}),0.25185,0.5039,0.1303,0.517371451260671,1.026734374401014,1.0,0.0033927849999999815,1.0279126696832577,0.03480352585238504,0.20833000239827323,0.027154709253519357,0.3879772517267832
frozenset({'salary'}),"frozenset({'gentle', 'Technical'})",0.5039,0.25185,0.1303,0.2585830521928954,1.026734374401014,1.0,0.0033927849999999815,1.0090813302997856,0.0524859057981493,0.20833000239827323,0.008999601941984072,0.3879772517267832
"frozenset({'gentle', 'Technical'})",frozenset({'hard worker'}),0.25185,0.49765,0.12855,0.5104228707564026,1.0256663734681053,1.0,0.0032168474999999808,1.0260895985401461,0.03344796589268679,0.20702149931556482,0.0254262381932967,0.38436847345717245
frozenset({'hard worker'}),"frozenset({'gentle', 'Technical'})",0.49765,0.25185,0.12855,0.25831407615794233,1.0256663734681053,1.0,0.0032168474999999808,1.0087153820102952,0.04981406525851223,0.20702149931556482,0.00864008040893178,0.38436847345717245
frozenset({'work'}),"frozenset({'stubborn', 'Management'})",0.4961,0.24795,0.1261,0.2541826244708728,1.0251366181523405,1.0,0.003092004999999995,1.0083567702702703,0.04866096784494102,0.20406181729913422,0.008287513424470188,0.3813764503681244
"frozenset({'stubborn', 'Management'})",frozenset({'work'}),0.24795,0.4961,0.1261,0.508570276265376,1.0251366181523403,1.0,0.003092004999999995,1.0253755026672136,0.03260456312355001,0.20406181729913422,0.024747521860242115,0.3813764503681244
frozenset({'salary'}),"frozenset({'no', 'gentle', 'yes'})",0.5039,0.2513,0.1298,0.25759079182377453,1.0250329957173678,1.0,0.0031699299999999875,1.0084734830259288,0.049227270087266,0.20754716981132074,0.00840228639478364,0.38705245918287806
"frozenset({'no', 'gentle', 'yes'})",frozenset({'salary'}),0.2513,0.5039,0.1298,0.5165141265419816,1.0250329957173676,1.0,0.0031699299999999875,1.0260899588477363,0.032618737398547704,0.20754716981132074,0.025426580411170276,0.38705245918287806
frozenset({'Management'}),"frozenset({'smart worker', 'gentle'})",0.49765,0.2515,0.1282,0.25761077062192306,1.0242972986955192,1.0,0.0030410250000000028,1.0082312220868859,0.04721995389221365,0.2064578468475723,0.008164022206978032,0.38367616065887405
"frozenset({'smart worker', 'gentle'})",frozenset({'Management'}),0.2515,0.49765,0.1282,0.509741550695825,1.024297298695519,1.0,0.0030410250000000028,1.0246636253041363,0.03169130773246965,0.2064578468475723,0.024069972520802365,0.38367616065887405
frozenset({'Management'}),"frozenset({'work', 'smart worker'})",0.49765,0.25065,0.1277,0.2566060484276098,1.0237624114406936,1.0,0.0029640275000000216,1.0080119678334911,0.04620456914366254,0.20576861102159205,0.007948286418375698,0.38304070624053543
"frozenset({'work', 'smart worker'})",frozenset({'Management'}),0.25065,0.49765,0.1277,0.509475364053461,1.0237624114406934,1.0,0.0029640275000000216,1.0241075843838963,0.03097466512219775,0.20576861102159205,0.02354008968540076,0.38304070624053543
frozenset({'gentle'}),"frozenset({'salary', 'hard worker'})",0.50155,0.2522,0.12945,0.2580998903399462,1.023393696827701,1.0,0.0029590899999999976,1.0079524052674014,0.04586004950611473,0.20735223450264295,0.007889663466095482,0.3856914994919398
"frozenset({'salary', 'hard worker'})",frozenset({'gentle'}),0.2522,0.50155,0.12945,0.5132831086439335,1.0233936968277009,1.0,0.0029590899999999976,1.0241066395112017,0.03056825578540102,0.20735223450264295,0.023539188773063296,0.3856914994919398
frozenset({'Technical'}),"frozenset({'hard worker', 'gentle'})",0.50235,0.25005,0.12855,0.2558972827709764,1.023384454193067,1.0,0.002937382500000002,1.0078581661316213,0.04591603875437429,0.2060591488338543,0.007796896821089944,0.3849972316674318
"frozenset({'hard worker', 'gentle'})",frozenset({'Technical'}),0.25005,0.50235,0.12855,0.5140971805638872,1.023384454193067,1.0,0.002937382500000002,1.024175987654321,0.03046885350505283,0.2060591488338543,0.023605306066286018,0.3849972316674318
"frozenset({'smart worker', 'yes'})",frozenset({'Management'}),0.37655,0.49765,0.1916,0.5088301686363033,1.0224659271301182,1.0,0.0042098925000000065,1.0227623276561233,0.03524308133858823,0.280691473776736,0.022255735316618445,0.4469198567485746
frozenset({'Management'}),"frozenset({'smart worker', 'yes'})",0.49765,0.37655,0.1916,0.385009544860846,1.0224659271301182,1.0,0.0042098925000000065,1.0137555709851331,0.04373902470497229,0.280691473776736,0.01356892270566363,0.4469198567485746
frozenset({'hard worker'}),"frozenset({'salary', 'Technical'})",0.49765,0.256,0.13025,0.2617301316186075,1.0223833266351854,1.0,0.0028516000000000097,1.0077615677735439,0.04358173016763643,0.20893487327558552,0.007701789809956277,0.38525959705930374
"frozenset({'salary', 'Technical'})",frozenset({'hard worker'}),0.256,0.49765,0.13025,0.5087890625,1.0223833266351854,1.0,0.0028516000000000097,1.0226767395626244,0.029426454502301296,0.20893487327558552,0.022173907634119673,0.38525959705930374
"frozenset({'Management', 'no', 'yes'})",frozenset({'smart worker'}),0.2513,0.50235,0.12905,0.5135296458416235,1.02225469461854,1.0,0.0028094449999999938,1.022981145194274,0.0290773411870773,0.20661223182837019,0.022464876603282554,0.3852111252996313
frozenset({'smart worker'}),"frozenset({'Management', 'no', 'yes'})",0.50235,0.2513,0.12905,0.2568926047576391,1.0222546946185398,1.0,0.0028094449999999938,1.0075259710688453,0.04374601697330407,0.20661223182837019,0.007469753916974842,0.3852111252996313
"frozenset({'Management', 'gentle'})",frozenset({'smart worker'}),0.2497,0.50235,0.1282,0.5134160993191831,1.0220286639179519,1.0,0.0027632050000000186,1.0227424279835393,0.028726990742964576,0.20549811653442335,0.02223671118091655,0.3843083283497478
frozenset({'smart worker'}),"frozenset({'Management', 'gentle'})",0.50235,0.2497,0.1282,0.25520055738031255,1.0220286639179517,1.0,0.0027632050000000186,1.0073852866497395,0.043311285350037816,0.20549811653442335,0.007331144049463613,0.3843083283497478
frozenset({'smart worker'}),"frozenset({'Management', 'no'})",0.50235,0.37225,0.1911,0.38041206330247834,1.02192629496972,1.0,0.004100212500000006,1.0131733734939758,0.043114332811624426,0.27959034381858083,0.013002092078818505,0.4468883687902586
"frozenset({'Management', 'no'})",frozenset({'smart worker'}),0.37225,0.50235,0.1911,0.5133646742780389,1.02192629496972,1.0,0.004100212500000006,1.0226343499861992,0.03417896889479075,0.27959034381858083,0.02213337542055446,0.4468883687902586
"frozenset({'no', 'work', 'yes'})",frozenset({'stubborn'}),0.24755,0.49845,0.12605,0.5091900626136134,1.021546920681339,1.0,0.0026587024999999986,1.0218823251028806,0.02803168778631347,0.20332284861682393,0.02141374262508909,0.38103700141413943
frozenset({'stubborn'}),"frozenset({'no', 'work', 'yes'})",0.49845,0.24755,0.12605,0.2528839402146654,1.0215469206813388,1.0,0.0026587024999999986,1.0071393729860365,0.042054517943996755,0.20332284861682393,0.007088763658270228,0.38103700141413943
"frozenset({'work', 'yes'})",frozenset({'stubborn'}),0.3718,0.49845,0.18915,0.5087412587412588,1.0206465216997869,1.0,0.00382629000000001,1.0209487544483984,0.03220131483505491,0.2777125238584643,0.020518908865035886,0.44410881775461974
frozenset({'stubborn'}),"frozenset({'work', 'yes'})",0.49845,0.3718,0.18915,0.37947637676798074,1.0206465216997869,1.0,0.00382629000000001,1.0123708050436468,0.04033270058694347,0.2777125238584643,0.0122196382807716,0.44410881775461974
"frozenset({'hard worker', 'work'})",frozenset({'stubborn'}),0.24545,0.49845,0.12485,0.5086575677327358,1.020478619184945,1.0,0.0025054475000000076,1.0207748548922055,0.026595535343492384,0.2016799935384864,0.020352044128672808,0.3795670224058403
frozenset({'stubborn'}),"frozenset({'hard worker', 'work'})",0.49845,0.24545,0.12485,0.2504764770789447,1.0204786191849449,1.0,0.0025054475000000076,1.0067062299250535,0.040011287395936956,0.2016799935384864,0.006661555998866493,0.3795670224058403
frozenset({'Management'}),"frozenset({'no', 'smart worker', 'yes'})",0.49765,0.25425,0.12905,0.25931879835225563,1.019936276705037,1.0,0.0025224875000000035,1.0068434278350515,0.03891030251579688,0.20719274303604399,0.006796913647007247,0.3834450432272586
"frozenset({'no', 'smart worker', 'yes'})",frozenset({'Management'}),0.25425,0.49765,0.12905,0.5075712881022616,1.0199362767050368,1.0,0.0025224875000000035,1.0201476637380194,0.026210647628307833,0.20719274303604399,0.019749752368391788,0.3834450432272586
frozenset({'smart worker'}),"frozenset({'stubborn', 'no', 'yes'})",0.50235,0.2504,0.1282,0.25520055738031255,1.019171555033197,1.0,0.002411560000000007,1.0064454363223307,0.037799498516663366,0.2052677928108238,0.0064041587250700934,0.3835906940256195
"frozenset({'stubborn', 'no', 'yes'})",frozenset({'smart worker'}),0.2504,0.50235,0.1282,0.5119808306709265,1.019171555033197,1.0,0.002411560000000007,1.0197345335515549,0.02509461104164558,0.2052677928108238,0.019352618649505708,0.3835906940256195
"frozenset({'hard worker', 'Technical'})",frozenset({'salary'}),0.25365,0.5039,0.13025,0.5135028582692687,1.0190570713817595,1.0,0.0024357650000000064,1.019738776337115,0.02505619478647659,0.20763589988841066,0.01935669878909223,0.385993342212626
frozenset({'salary'}),"frozenset({'hard worker', 'Technical'})",0.5039,0.25365,0.13025,0.2584838261559833,1.0190570713817595,1.0,0.0024357650000000064,1.006518841161515,0.03769540612555293,0.20763589988841066,0.006476621097318044,0.385993342212626
"frozenset({'stubborn', 'smart worker'})","frozenset({'no', 'yes'})",0.25085,0.5017,0.1282,0.511062387881204,1.0186613272497587,1.0,0.002348555000000002,1.0191484304932736,0.024453663189576393,0.20533354688876432,0.018788657196877213,0.38329679091090296
"frozenset({'no', 'yes'})","frozenset({'stubborn', 'smart worker'})",0.5017,0.25085,0.1282,0.255531193940602,1.0186613272497587,1.0,0.002348555000000002,1.0062879651941097,0.03676392088796138,0.20533354688876432,0.006248673751053805,0.38329679091090296
"frozenset({'gentle', 'yes'})",frozenset({'salary'}),0.37525,0.5039,0.1926,0.5132578281145903,1.018570803958306,1.0,0.0035115250000000153,1.0192254311524775,0.02918322053639745,0.28053310028402884,0.018862785959665982,0.4477382611499723
frozenset({'salary'}),"frozenset({'gentle', 'yes'})",0.5039,0.37525,0.1926,0.3822186941853542,1.0185708039583057,1.0,0.0035115250000000153,1.0112801959524576,0.03675109258237111,0.28053310028402884,0.011154372445544984,0.4477382611499723
"frozenset({'salary', 'no'})",frozenset({'gentle'}),0.37895,0.50155,0.19355,0.5107533975458504,1.018349910369555,1.0,0.003487627499999979,1.0188113673139156,0.0290141833821941,0.28175267486716643,0.018464033595847754,0.4483285480401966
frozenset({'gentle'}),"frozenset({'salary', 'no'})",0.50155,0.37895,0.19355,0.38590369853454287,1.018349910369555,1.0,0.003487627499999979,1.0113234659090908,0.0361505839893904,0.28175267486716643,0.011196680677148156,0.4483285480401966
"frozenset({'salary', 'no', 'yes'})",frozenset({'gentle'}),0.25415,0.50155,0.1298,0.5107220145583317,1.0182873383677233,1.0,0.002331067500000006,1.0187460193003617,0.024078457552437364,0.20738137082601055,0.018401072441231035,0.3847598708022443
frozenset({'gentle'}),"frozenset({'salary', 'no', 'yes'})",0.50155,0.25415,0.1298,0.2587977270461569,1.0182873383677233,1.0,0.002331067500000006,1.006270524546066,0.03602952666362806,0.20738137082601055,0.006231450085348129,0.3847598708022443
"frozenset({'hard worker', 'no'})",frozenset({'Technical'}),0.37075,0.50235,0.1896,0.5113958192852326,1.0180070056439388,1.0,0.0033537374999999814,1.0185135937068728,0.028110431345332598,0.2773957571324067,0.01817707080324048,0.44441095831386146
frozenset({'Technical'}),"frozenset({'hard worker', 'no'})",0.50235,0.37075,0.1896,0.37742609734249033,1.0180070056439388,1.0,0.0033537374999999814,1.010723381294964,0.035544034811716134,0.2773957571324067,0.010609610397282965,0.44441095831386146
"frozenset({'Management', 'work'})",frozenset({'smart worker'}),0.24975,0.50235,0.1277,0.5113113113113114,1.0178387803549545,1.0,0.0022380875000000133,1.0183374641540355,0.02336039383374441,0.204516335682255,0.01800725672925026,0.3827582733524806
frozenset({'smart worker'}),"frozenset({'Management', 'work'})",0.50235,0.24975,0.1277,0.25420523539364986,1.0178387803549545,1.0,0.0022380875000000133,1.005973808888296,0.035217794582069216,0.204516335682255,0.005938334413395354,0.3827582733524806
"frozenset({'no', 'yes'})","frozenset({'salary', 'Management'})",0.5017,0.2479,0.12655,0.25224237592186566,1.0175166434928022,1.0,0.002178569999999977,1.0058071971211515,0.03454764769953087,0.2031137147901452,0.00577366829127197,0.3813652379811022
"frozenset({'salary', 'Management'})","frozenset({'no', 'yes'})",0.2479,0.5017,0.12655,0.5104881000403388,1.017516643492802,1.0,0.002178569999999977,1.017952781211372,0.022889366904236447,0.2031137147901452,0.017636163034996606,0.3813652379811022
frozenset({'salary'}),"frozenset({'no', 'gentle'})",0.5039,0.3776,0.19355,0.38410398888668384,1.0172245468397347,1.0,0.003277360000000007,1.0105602062187853,0.034132000724223024,0.28134312086634206,0.01044985360971056,0.4483417190196131
"frozenset({'no', 'gentle'})",frozenset({'salary'}),0.3776,0.5039,0.19355,0.5125794491525424,1.0172245468397347,1.0,0.003277360000000007,1.017806900298832,0.02720579299371311,0.28134312086634206,0.01749536212969638,0.4483417190196131
"frozenset({'salary', 'smart worker'})","frozenset({'no', 'yes'})",0.2517,0.5017,0.12845,0.5103297576479937,1.0172010317879085,1.0,0.002172110000000005,1.0176236105476675,0.022598101824366237,0.20553644291543322,0.017318397848672836,0.3831796286745051
"frozenset({'no', 'yes'})","frozenset({'salary', 'smart worker'})",0.5017,0.2517,0.12845,0.2560294997010165,1.0172010317879083,1.0,0.002172110000000005,1.0058194507702611,0.0339357005722923,0.20553644291543322,0.0057857807042850954,0.3831796286745051
"frozenset({'stubborn', 'hard worker'})",frozenset({'work'}),0.2476,0.4961,0.12485,0.5042407108239095,1.0164094150854859,1.0,0.002015640000000013,1.0164206924643584,0.021457327740657346,0.20174517249737417,0.016155409454077292,0.37795184099953794
frozenset({'work'}),"frozenset({'stubborn', 'hard worker'})",0.4961,0.2476,0.12485,0.2516629711751663,1.0164094150854859,1.0,0.002015640000000013,1.0054293333333333,0.03203908194497041,0.20174517249737417,0.005400014852693111,0.37795184099953794
frozenset({'stubborn'}),"frozenset({'work', 'Technical'})",0.49845,0.24635,0.1248,0.25037616611495633,1.0163432762937135,1.0,0.0020068424999999807,1.005370915295062,0.03206154670521354,0.20129032258064516,0.0053422226696162945,0.3784862360917789
"frozenset({'work', 'Technical'})",frozenset({'stubborn'}),0.24635,0.49845,0.1248,0.5065963060686015,1.0163432762937135,1.0,0.0020068424999999807,1.0165104278074863,0.02133678597492184,0.20129032258064516,0.01624226112770712,0.3784862360917789
frozenset({'hard worker'}),"frozenset({'Technical', 'yes'})",0.49765,0.3742,0.18925,0.3802873505475736,1.0162676390902556,1.0,0.003029370000000031,1.0098228599221792,0.0318647140474121,0.27724875476120714,0.009727309919420972,0.4430164705704196
"frozenset({'Technical', 'yes'})",frozenset({'hard worker'}),0.3742,0.49765,0.18925,0.5057455905932656,1.0162676390902554,1.0,0.003029370000000031,1.0163793998377941,0.025578841645441785,0.27724875476120714,0.016115438624993816,0.4430164705704196
"frozenset({'salary', 'no'})",frozenset({'Technical'}),0.37895,0.50235,0.19335,0.5102256234331706,1.015677562323421,1.0,0.0029844675000000043,1.0160801050646553,0.02485398954909383,0.28105240206410353,0.0158256273147204,0.4475583178378155
frozenset({'Technical'}),"frozenset({'salary', 'no'})",0.50235,0.37895,0.19335,0.3848910122424605,1.015677562323421,1.0,0.0029844675000000043,1.0096584708737864,0.031016919942659947,0.28105240206410353,0.00956607719581429,0.4475583178378155
frozenset({'Management'}),"frozenset({'work', 'yes'})",0.49765,0.3718,0.18785,0.3774741284034964,1.0152612383095654,1.0,0.0028237299999999965,1.0091146868947707,0.029923029581038284,0.2756015258215962,0.00903235976360459,0.4413594418241258
"frozenset({'work', 'yes'})",frozenset({'Management'}),0.3718,0.49765,0.18785,0.5052447552447552,1.0152612383095654,1.0,0.0028237299999999965,1.0153505300353358,0.02392842074185703,0.2756015258215962,0.015118453756853237,0.4413594418241258
frozenset({'work'}),"frozenset({'stubborn', 'yes'})",0.4961,0.37565,0.18915,0.38127393670630927,1.01497121444512,1.0,0.002790035000000024,1.0090895422707282,0.029272441543326828,0.2771022560796953,0.009007666703466461,0.4424005780962666
"frozenset({'stubborn', 'yes'})",frozenset({'work'}),0.37565,0.4961,0.18915,0.5035272194862239,1.0149712144451197,1.0,0.002790035000000024,1.0149599731903487,0.02362518346069094,0.2771022560796953,0.014739471097884371,0.4424005780962666
frozenset({'gentle'}),"frozenset({'salary', 'Technical'})",0.50155,0.256,0.1303,0.25979463662645796,1.0148227993221015,1.0,0.0019031999999999938,1.0051264646464646,0.029303426962801787,0.20773216420884813,0.005100318046314461,0.38438950581322895
"frozenset({'salary', 'Technical'})",frozenset({'gentle'}),0.256,0.50155,0.1303,0.5089843749999999,1.0148227993221013,1.0,0.0019031999999999938,1.0151408114558471,0.019632114475280307,0.20773216420884813,0.014914986458019627,0.38438950581322895
frozenset({'work'}),"frozenset({'Management', 'smart worker'})",0.4961,0.25365,0.1277,0.25740778068937714,1.0148148262936219,1.0,0.0018642350000000196,1.0050603555917481,0.028971127787439953,0.20528896390965362,0.005034877322137274,0.3804287080068215
"frozenset({'Management', 'smart worker'})",frozenset({'work'}),0.25365,0.4961,0.1277,0.5034496353242658,1.0148148262936219,1.0,0.0018642350000000196,1.0148013894402543,0.019559926699391692,0.20528896390965362,0.014585503719519352,0.3804287080068215
"frozenset({'no', 'gentle', 'yes'})",frozenset({'Management'}),0.2513,0.49765,0.1269,0.5049741345005969,1.0147174409737707,1.0,0.0018405549999999937,1.014795458199357,0.019372217859524872,0.2040028936580661,0.01457974420343771,0.37998631370865277
frozenset({'Management'}),"frozenset({'no', 'gentle', 'yes'})",0.49765,0.2513,0.1269,0.25499849291670856,1.0147174409737705,1.0,0.0018405549999999937,1.0049644099797708,0.028872259403655356,0.2040028936580661,0.0049398863586330175,0.37998631370865277
"frozenset({'salary', 'gentle'})",frozenset({'hard worker'}),0.25635,0.49765,0.12945,0.5049736688121709,1.014716505198776,1.0,0.0018774225000000033,1.0147945035460995,0.019502549161112985,0.20726923384837087,0.01457881718357896,0.3825481224599385
frozenset({'hard worker'}),"frozenset({'salary', 'gentle'})",0.49765,0.25635,0.12945,0.2601225761077062,1.0147165051987759,1.0,0.0018774225000000033,1.0050989204236827,0.028870450251142963,0.20726923384837087,0.005073053328455867,0.3825481224599385
"frozenset({'stubborn', 'no', 'yes'})",frozenset({'work'}),0.2504,0.4961,0.12605,0.5033945686900958,1.0147038272326059,1.0,0.001826559999999991,1.0146888620828307,0.01933132021859487,0.2031589975018132,0.014476222842023843,0.37873820351457016
frozenset({'work'}),"frozenset({'stubborn', 'no', 'yes'})",0.4961,0.2504,0.12605,0.2540818383390445,1.0147038272326059,1.0,0.001826559999999991,1.0049359816241048,0.0287572090411961,0.2031589975018132,0.004911737378661296,0.37873820351457016
frozenset({'work'}),frozenset({'stubborn'}),0.4961,0.49845,0.2509,0.5057448095142109,1.0146349874896397,1.0,0.003618955000000007,1.014759196574225,0.02862451673281609,0.3373899011631816,0.014544530982376343,0.5045526134039106
frozenset({'stubborn'}),frozenset({'work'}),0.49845,0.4961,0.2509,0.5033604172936103,1.0146349874896397,1.0,0.003618955000000007,1.0146190870531206,0.028758636191139532,0.3373899011631816,0.014408448687458357,0.5045526134039106
frozenset({'smart worker'}),frozenset({'Management'}),0.50235,0.49765,0.25365,0.5049268438339803,1.0146224130091035,1.0,0.003655522500000008,1.0146985223160436,0.028959468460962326,0.3398539559188048,0.01448560532294289,0.5073112065045517
frozenset({'Technical'}),frozenset({'hard worker'}),0.50235,0.49765,0.25365,0.5049268438339803,1.0146224130091035,1.0,0.003655522500000008,1.0146985223160436,0.028959468460962326,0.3398539559188048,0.01448560532294289,0.5073112065045517
frozenset({'Management'}),frozenset({'smart worker'}),0.49765,0.50235,0.25365,0.509695569175123,1.0146224130091033,1.0,0.003655522500000008,1.014981649590164,0.028688522901558478,0.3398539559188048,0.014760512760219186,0.5073112065045517
frozenset({'hard worker'}),frozenset({'Technical'}),0.49765,0.50235,0.25365,0.509695569175123,1.0146224130091033,1.0,0.003655522500000008,1.014981649590164,0.028688522901558478,0.3398539559188048,0.014760512760219186,0.5073112065045517
"frozenset({'salary', 'Management'})",frozenset({'yes'}),0.2479,0.7509,0.18885,0.7617991125453811,1.0145147323816501,1.0,0.0027018899999999846,1.0457559695173577,0.019022828217606952,0.23316254089758623,0.04375396445355728,0.5066486573513961
frozenset({'yes'}),"frozenset({'salary', 'Management'})",0.7509,0.2479,0.18885,0.2514982021574111,1.0145147323816501,1.0,0.0027018899999999846,1.0048072057646116,0.057435042563075835,0.23316254089758623,0.004784207096677409,0.5066486573513961
frozenset({'work'}),"frozenset({'stubborn', 'no'})",0.4961,0.3732,0.1878,0.37855271114694616,1.0143427415513027,1.0,0.0026554800000000156,1.0086132987349985,0.028060996432301064,0.2755685986793837,0.008539743374196215,0.44088407261527374
"frozenset({'stubborn', 'no'})",frozenset({'work'}),0.3732,0.4961,0.1878,0.5032154340836013,1.0143427415513027,1.0,0.0026554800000000156,1.0143229773462783,0.022558928050792126,0.2755685986793837,0.014120726500498648,0.44088407261527374
frozenset({'salary'}),frozenset({'gentle'}),0.5039,0.50155,0.25635,0.5087318912482636,1.0143193923801486,1.0,0.0036189549999999793,1.0146190870531204,0.028456444369849045,0.34221065278334,0.014408448687458155,0.5099237165343102
frozenset({'gentle'}),frozenset({'salary'}),0.50155,0.5039,0.25635,0.5111155418203569,1.0143193923801486,1.0,0.0036189549999999793,1.014759196574225,0.028322283181627265,0.34221065278334,0.014544530982376307,0.5099237165343102
"frozenset({'Management', 'smart worker'})","frozenset({'no', 'yes'})",0.25365,0.5017,0.12905,0.5087719298245614,1.0140959334753068,1.0,0.001793794999999987,1.0143964285714286,0.01862396998727125,0.20605141306083347,0.014192112832754157,0.3829986816752865
"frozenset({'no', 'yes'})","frozenset({'Management', 'smart worker'})",0.5017,0.25365,0.12905,0.2572254335260115,1.0140959334753066,1.0,0.001793794999999987,1.0048136186770429,0.027894842464378688,0.20605141306083347,0.004790558753951267,0.3829986816752865
frozenset({'gentle'}),"frozenset({'salary', 'Management'})",0.50155,0.2479,0.12605,0.2513209051938989,1.0137995368854331,1.0,0.0017157549999999716,1.0045692543275633,0.027308058392360578,0.2021976259223612,0.004548471205822193,0.379896031459394
"frozenset({'salary', 'Management'})",frozenset({'gentle'}),0.2479,0.50155,0.12605,0.508471157724889,1.0137995368854331,1.0,0.0017157549999999716,1.0140808781288468,0.01809826047822381,0.2021976259223612,0.013885360065982533,0.379896031459394
"frozenset({'no', 'Technical'})",frozenset({'salary'}),0.37855,0.5039,0.19335,0.5107647602694492,1.0136232591177796,1.0,0.0025986549999999775,1.0140316144708421,0.021627098448798506,0.2805833696125381,0.013837452669722142,0.4472359225042423
frozenset({'salary'}),"frozenset({'no', 'Technical'})",0.5039,0.37855,0.19335,0.3837070847390355,1.0136232591177796,1.0,0.0025986549999999775,1.0083679117694413,0.027091635418274203,0.2805833696125381,0.00829847089715259,0.4472359225042423
"frozenset({'work', 'gentle'})",frozenset({'Management'}),0.2452,0.49765,0.12365,0.5042822185970636,1.0133270744440142,1.0,0.0016262199999999977,1.013379020979021,0.01742421758596443,0.19969315245478036,0.013202385980021075,0.37637500862536794
frozenset({'Management'}),"frozenset({'work', 'gentle'})",0.49765,0.2452,0.12365,0.24846779865367227,1.0133270744440142,1.0,0.0016262199999999977,1.0043481818181819,0.026180550281449087,0.19969315245478036,0.004329356986847206,0.37637500862536794
"frozenset({'no', 'work'})",frozenset({'stubborn'}),0.37185,0.49845,0.1878,0.5050423557886244,1.0132257112822238,1.0,0.0024513674999999957,1.0133190301548491,0.020780187980374405,0.2751648351648351,0.013143965284865793,0.4409051682644597
frozenset({'stubborn'}),"frozenset({'no', 'work'})",0.49845,0.37185,0.1878,0.3767679807402949,1.0132257112822236,1.0,0.0024513674999999957,1.0078910912602606,0.02602547119902738,0.2751648351648351,0.007829309464769355,0.4409051682644597
"frozenset({'no', 'yes'})","frozenset({'Management', 'gentle'})",0.5017,0.2497,0.1269,0.2529400039864461,1.012975586649764,1.0,0.0016255099999999967,1.0043370064034152,0.025706155855045005,0.2032025620496397,0.004318278004059857,0.3805749279043164
"frozenset({'Management', 'gentle'})","frozenset({'no', 'yes'})",0.2497,0.5017,0.1269,0.5082098518221867,1.012975586649764,1.0,0.0016255099999999967,1.013237052117264,0.017072341013686425,0.2032025620496397,0.013064121658010562,0.3805749279043164
frozenset({'gentle'}),"frozenset({'salary', 'yes'})",0.50155,0.3791,0.1926,0.38400957033197086,1.0129505943866286,1.0,0.0024623949999999784,1.007970205534876,0.02564955515785309,0.27992151733158926,0.007907183655936333,0.44602747047329216
"frozenset({'salary', 'yes'})",frozenset({'gentle'}),0.3791,0.50155,0.1926,0.5080453706146135,1.0129505943866284,1.0,0.0024623949999999784,1.0132031903485252,0.020591110917107216,0.27992151733158926,0.013031137756271386,0.44602747047329216
frozenset({'stubborn'}),"frozenset({'Management', 'work'})",0.49845,0.24975,0.1261,0.2529842511786538,1.0129499546692846,1.0,0.0016121124999999847,1.004329562239828,0.025489776300921307,0.20270053046134062,0.004310897938892113,0.3789445780417794
"frozenset({'Management', 'work'})",frozenset({'stubborn'}),0.24975,0.49845,0.1261,0.5049049049049049,1.0129499546692846,1.0,0.0016121124999999847,1.0130377072381722,0.017040183010632565,0.20270053046134062,0.012869913079264108,0.3789445780417794
"frozenset({'stubborn', 'smart worker'})",frozenset({'work'}),0.25085,0.4961,0.12605,0.5024915288020729,1.012883549288597,1.0,0.001603314999999994,1.0128470753205128,0.016978808959819878,0.20301175712675149,0.012684121456782979,0.3782866835705587
frozenset({'work'}),"frozenset({'stubborn', 'smart worker'})",0.4961,0.25085,0.12605,0.2540818383390445,1.0128835492885968,1.0,0.001603314999999994,1.0043326982840155,0.025242458289837393,0.20301175712675149,0.00431400699331843,0.3782866835705587
"frozenset({'no', 'work', 'yes'})",frozenset({'Management'}),0.24755,0.49765,0.12475,0.5039385982629772,1.0126365884918662,1.0,0.0015567425000000135,1.0126770561889251,0.016584354834994073,0.20106374405673302,0.012518360232859904,0.3773083928720693
frozenset({'Management'}),"frozenset({'no', 'work', 'yes'})",0.49765,0.24755,0.12475,0.25067818748116144,1.012636588491866,1.0,0.0015567425000000135,1.0041746916063288,0.024841042690537052,0.20106374405673302,0.004157336010580701,0.3773083928720693
"frozenset({'Management', 'yes'})",frozenset({'smart worker'}),0.3767,0.50235,0.1916,0.5086275550836209,1.012496377194428,1.0,0.002364755000000024,1.0127755537547272,0.01980129166363845,0.278711178994836,0.012614397837076125,0.44501747018638094
frozenset({'smart worker'}),"frozenset({'Management', 'yes'})",0.50235,0.3767,0.1916,0.38140738528914103,1.012496377194428,1.0,0.002364755000000024,1.007609831053902,0.024800854202644117,0.278711178994836,0.007552358878775955,0.44501747018638094
"frozenset({'smart worker', 'Technical'})",frozenset({'no'}),0.2487,0.7508,0.18895,0.759750703659027,1.0119215552198015,1.0,0.0022260399999999847,1.03725589958159,0.01568096115097585,0.23311331811732772,0.03591775144071809,0.5057077972210958
frozenset({'no'}),"frozenset({'smart worker', 'Technical'})",0.7508,0.2487,0.18895,0.2516648907831646,1.0119215552198013,1.0,0.0022260399999999847,1.0039619827356057,0.04727570671239227,0.23311331811732772,0.003946347375435398,0.5057077972210958
"frozenset({'salary', 'gentle'})",frozenset({'Technical'}),0.25635,0.50235,0.1303,0.5082894480202848,1.0118233264064591,1.0,0.0015225775000000108,1.0120791550971837,0.015713264090816813,0.20735200509229793,0.011934990495900306,0.3838351788722903
frozenset({'Technical'}),"frozenset({'salary', 'gentle'})",0.50235,0.25635,0.1303,0.25938090972429584,1.0118233264064591,1.0,0.0015225775000000108,1.0040924002150249,0.023480696957974324,0.20735200509229793,0.004075720734614155,0.3838351788722903
"frozenset({'no', 'work'})",frozenset({'smart worker'}),0.37185,0.50235,0.189,0.5082694634933441,1.0117835443283452,1.0,0.0022011524999999976,1.0120380229696473,0.01854065036027941,0.27583187390542907,0.0118948327003801,0.4422505872259196
frozenset({'smart worker'}),"frozenset({'no', 'work'})",0.50235,0.37185,0.189,0.3762317109584951,1.011783544328345,1.0,0.0022011524999999976,1.0070245811393013,0.023402611320826907,0.27583187390542907,0.006975580607331211,0.4422505872259196
frozenset({'Management'}),frozenset({'work'}),0.49765,0.4961,0.24975,0.5018587360594796,1.0116080146330975,1.0,0.002865835000000011,1.0115604477611941,0.022842270956135877,0.3356854838709678,0.011428331136097697,0.5026427322708202
frozenset({'work'}),frozenset({'Management'}),0.4961,0.49765,0.24975,0.5034267284821609,1.0116080146330972,1.0,0.002865835000000011,1.0116331844936068,0.022772007967483347,0.3356854838709678,0.011499409738550561,0.5026427322708202
"frozenset({'no', 'work', 'yes'})",frozenset({'smart worker'}),0.24755,0.50235,0.1258,0.5081801656231064,1.0116057840611257,1.0,0.001443257500000003,1.011854271047228,0.015247039850003533,0.20157026117609356,0.011715393596114645,0.379301588733719
frozenset({'smart worker'}),"frozenset({'no', 'work', 'yes'})",0.50235,0.24755,0.1258,0.25042301184433163,1.0116057840611257,1.0,0.001443257500000003,1.0038328442437923,0.023053622295057086,0.20157026117609356,0.0038182096409484227,0.379301588733719
frozenset({'stubborn'}),"frozenset({'no', 'smart worker', 'yes'})",0.49845,0.25425,0.1282,0.2571973116661651,1.011592179611269,1.0,0.0014690875000000214,1.0039678257933828,0.02284785340172488,0.20528422738190555,0.003952144373000511,0.3807127167967011
"frozenset({'no', 'smart worker', 'yes'})",frozenset({'stubborn'}),0.25425,0.49845,0.1282,0.5042281219272371,1.011592179611269,1.0,0.0014690875000000214,1.0116547996826657,0.015366196277083622,0.20528422738190555,0.011520530210820636,0.3807127167967011
"frozenset({'smart worker', 'Technical'})",frozenset({'stubborn'}),0.2487,0.49845,0.1254,0.5042219541616406,1.0115798057210164,1.0,0.0014354850000000141,1.0116422141119221,0.015236588318684763,0.20168878166465623,0.011508232801596279,0.3779009259222287
frozenset({'stubborn'}),"frozenset({'smart worker', 'Technical'})",0.49845,0.2487,0.1254,0.25157989768281674,1.0115798057210161,1.0,0.0014354850000000141,1.0038479694410936,0.022823744001251846,0.20168878166465623,0.003833219330249887,0.3779009259222287
"frozenset({'work', 'gentle'})",frozenset({'smart worker'}),0.2452,0.50235,0.1246,0.5081566068515497,1.0115588869345074,1.0,0.0014237800000000134,1.0118058043117746,0.015138852382738842,0.2000160526527009,0.011668053554807127,0.3780954229639455
frozenset({'smart worker'}),"frozenset({'work', 'gentle'})",0.50235,0.2452,0.1246,0.24803423907634123,1.0115588869345074,1.0,0.0014237800000000134,1.0037691065519525,0.022961530751514674,0.2000160526527009,0.0037549537312416893,0.3780954229639455
"frozenset({'smart worker', 'yes'})",frozenset({'stubborn'}),0.37655,0.49845,0.18985,0.5041827114593015,1.0115010762549934,1.0,0.0021586524999999968,1.011562145152651,0.018237718348457003,0.2770926074582208,0.011429989949758723,0.4425317208615597
frozenset({'stubborn'}),"frozenset({'smart worker', 'yes'})",0.49845,0.37655,0.18985,0.3808807302638178,1.0115010762549934,1.0,0.0021586524999999968,1.006994985418017,0.022670332976464005,0.2770926074582208,0.0069463954829060955,0.4425317208615597
frozenset({'smart worker'}),"frozenset({'salary', 'Management'})",0.50235,0.2479,0.12595,0.2507216084403305,1.0113820429218656,1.0,0.0014174350000000085,1.0037657678002125,0.022614186637498083,0.20174595547012655,0.0037516399951209546,0.37939468885106475
"frozenset({'salary', 'Management'})",frozenset({'smart worker'}),0.2479,0.50235,0.12595,0.5080677692617991,1.0113820429218654,1.0,0.0014174350000000085,1.0116230832308324,0.014963369206423242,0.20174595547012655,0.011489539358583585,0.37939468885106475
frozenset({'salary'}),frozenset({'Technical'}),0.5039,0.50235,0.256,0.508037308989879,1.0113214073651418,1.0,0.0028658350000000388,1.0115604477611941,0.022565345633441144,0.3412195934688437,0.011428331136097687,0.508821083080587
frozenset({'Technical'}),frozenset({'salary'}),0.50235,0.5039,0.256,0.509604857171295,1.0113214073651418,1.0,0.0028658350000000388,1.0116331844936068,0.022495062732342308,0.3412195934688437,0.011499409738550667,0.508821083080587
frozenset({'salary'}),"frozenset({'no', 'Technical', 'yes'})",0.5039,0.2504,0.1276,0.25322484619964275,1.01128133466311,1.0,0.0014234399999999703,1.003782726547967,0.022486365437243895,0.20360619116004466,0.0037684714509641655,0.38140475536819196
"frozenset({'no', 'Technical', 'yes'})",frozenset({'salary'}),0.2504,0.5039,0.1276,0.5095846645367411,1.01128133466311,1.0,0.0014234399999999703,1.0115915309446253,0.01488191821426987,0.20360619116004466,0.011458706987988515,0.38140475536819196
frozenset({'no'}),"frozenset({'salary', 'smart worker'})",0.7508,0.2517,0.19105,0.2544619072988812,1.010973012709103,1.0,0.0020736400000000155,1.0037045824028583,0.04355502643791229,0.235442725984349,0.0036909091258602237,0.5067502226204379
"frozenset({'salary', 'smart worker'})",frozenset({'no'}),0.2517,0.7508,0.19105,0.7590385379419945,1.010973012709103,1.0,0.0020736400000000155,1.0341902720527618,0.014504760909164431,0.235442725984349,0.03305994358745776,0.5067502226204379
"frozenset({'stubborn', 'salary'})",frozenset({'Technical'}),0.24755,0.50235,0.1257,0.5077762068269037,1.010801645917993,1.0,0.001343257500000014,1.0110238613048832,0.014201896715756519,0.2013777635373278,0.010903660859848802,0.37900007713695144
frozenset({'Technical'}),"frozenset({'stubborn', 'salary'})",0.50235,0.24755,0.1257,0.25022394744699916,1.010801645917993,1.0,0.001343257500000014,1.0035663281561134,0.02147335915557318,0.2013777635373278,0.0035536546574512187,0.37900007713695144
"frozenset({'smart worker', 'gentle'})",frozenset({'no'}),0.2515,0.7508,0.19085,0.7588469184890656,1.010717792340258,1.0,0.0020237999999999923,1.0333685078318218,0.014167186875716276,0.23519625362006283,0.03229100517281533,0.5065212216313202
frozenset({'no'}),"frozenset({'smart worker', 'gentle'})",0.7508,0.2515,0.19085,0.2541955247735748,1.0107177923402577,1.0,0.0020237999999999923,1.0036142512724349,0.04255272622982998,0.23519625362006283,0.0036012355024379696,0.5065212216313202
"frozenset({'Management', 'no'})",frozenset({'work'}),0.37225,0.4961,0.18665,0.5014103425117529,1.0107041776088548,1.0,0.001976775000000014,1.0106507273706897,0.016871065996996136,0.27380079213730385,0.010538484841740197,0.43882248631332454
frozenset({'work'}),"frozenset({'Management', 'no'})",0.4961,0.37225,0.18665,0.3762346301148962,1.0107041776088548,1.0,0.001976775000000014,1.0063880271449346,0.021017685413007196,0.27380079213730385,0.006347479275023803,0.43882248631332454
frozenset({'Management'}),"frozenset({'gentle', 'yes'})",0.49765,0.37525,0.1887,0.37918215613382905,1.0104787638476458,1.0,0.0019568375000000304,1.0063338323353295,0.020643173164558267,0.2757965507161649,0.006293967401086961,0.4410234564813049
"frozenset({'gentle', 'yes'})",frozenset({'Management'}),0.37525,0.49765,0.1887,0.5028647568287808,1.0104787638476456,1.0,0.0019568375000000304,1.0104896140444923,0.016598796381297874,0.2757965507161649,0.010380724253569949,0.4410234564813049
"frozenset({'hard worker', 'Technical'})",frozenset({'gentle'}),0.25365,0.50155,0.12855,0.5068007096392667,1.0104689654855281,1.0,0.0013318424999999856,1.0106462230215827,0.013881559255431905,0.20513843453283326,0.010534074910756665,0.38155308136733546
frozenset({'gentle'}),"frozenset({'hard worker', 'Technical'})",0.50155,0.25365,0.12855,0.2563054530954042,1.0104689654855281,1.0,0.0013318424999999856,1.0035706233243968,0.020785438359497654,0.20513843453283326,0.0035579193346341716,0.38155308136733546
"frozenset({'no', 'smart worker'})",frozenset({'Management'}),0.38005,0.49765,0.1911,0.5028285751874753,1.0104060588515529,1.0,0.001968117500000005,1.0104160756813971,0.01661244941809047,0.27832799300903005,0.010308699487359959,0.44341669892700397
frozenset({'Management'}),"frozenset({'no', 'smart worker'})",0.49765,0.38005,0.1911,0.3840048226665327,1.0104060588515529,1.0,0.001968117500000005,1.006420216930354,0.020501419362486683,0.27832799300903005,0.006379260692850532,0.44341669892700397
"frozenset({'hard worker', 'Management'})",frozenset({'yes'}),0.244,0.7509,0.1851,0.7586065573770492,1.0102630941231179,1.0,0.0018803999999999765,1.031925297113752,0.01343760987196951,0.22857495677945167,0.03093760488578552,0.502555376171545
frozenset({'yes'}),"frozenset({'hard worker', 'Management'})",0.7509,0.244,0.1851,0.24650419496604073,1.0102630941231177,1.0,0.0018803999999999765,1.003323435843054,0.040782147985583904,0.22857495677945167,0.0033124272037575856,0.502555376171545
frozenset({'Management'}),"frozenset({'stubborn', 'work'})",0.49765,0.2509,0.1261,0.25339093740580726,1.0099280087915794,1.0,0.0012396149999999856,1.003336334275333,0.019568851141900878,0.2025865531367981,0.003325240162604789,0.3779908054904684
"frozenset({'stubborn', 'work'})",frozenset({'Management'}),0.2509,0.49765,0.1261,0.5025906735751294,1.0099280087915794,1.0,0.0012396149999999856,1.0099328125,0.013122964051707259,0.2025865531367981,0.009835122076499352,0.3779908054904684
frozenset({'yes'}),"frozenset({'stubborn', 'Management'})",0.7509,0.24795,0.188,0.25036622719403384,1.0097448162695457,1.0,0.001814344999999995,1.003223210161663,0.03874255831632163,0.23185546031941787,0.0032128544565306,0.5042918048654178
"frozenset({'stubborn', 'Management'})",frozenset({'yes'}),0.24795,0.7509,0.188,0.7582173825368017,1.0097448162695455,1.0,0.001814344999999995,1.0302643035863217,0.012832619209621325,0.23185546031941787,0.02937528115938056,0.5042918048654178
frozenset({'hard worker'}),"frozenset({'gentle', 'yes'})",0.49765,0.37525,0.18855,0.378880739475535,1.0096755215870354,1.0,0.0018068375000000192,1.0058454788094469,0.019075948979863786,0.27551691385986704,0.005811507763961664,0.4406728813966616
"frozenset({'gentle', 'yes'})",frozenset({'hard worker'}),0.37525,0.49765,0.18855,0.5024650233177882,1.0096755215870354,1.0,0.0018068375000000192,1.0096777584359937,0.015338620200135374,0.27551691385986704,0.009584997148976239,0.4406728813966616
"frozenset({'no', 'Technical', 'yes'})",frozenset({'stubborn'}),0.2504,0.49845,0.126,0.5031948881789137,1.0095192861448765,1.0,0.0011881200000000008,1.0095508038585206,0.012579407429994418,0.20229589788873725,0.009460448966032629,0.3779892587147954
frozenset({'stubborn'}),"frozenset({'no', 'Technical', 'yes'})",0.49845,0.2504,0.126,0.2527836292506771,1.0095192861448765,1.0,0.0011881200000000008,1.0031900120821586,0.01880076524678261,0.20229589788873725,0.003179868263976905,0.3779892587147954
"frozenset({'salary', 'gentle'})","frozenset({'no', 'yes'})",0.25635,0.5017,0.1298,0.5063389896625706,1.0092465410854508,1.0,0.001189204999999971,1.0093971157645196,0.012320077840352594,0.20660565061679265,0.009309632074193441,0.38252967023491297
"frozenset({'no', 'yes'})","frozenset({'salary', 'gentle'})",0.5017,0.25635,0.1298,0.2587203508072553,1.0092465410854508,1.0,0.001189204999999971,1.0031976472169937,0.01838616473204537,0.20660565061679265,0.0031874548608287283,0.38252967023491297
frozenset({'gentle'}),"frozenset({'hard worker', 'no', 'yes'})",0.50155,0.24745,0.12525,0.24972584986541718,1.0091972110140117,1.0,0.001141452499999987,1.0030333576933297,0.01828346516916993,0.20080160320641277,0.0030241842607364013,0.37794435552474737
"frozenset({'hard worker', 'no', 'yes'})",frozenset({'gentle'}),0.24745,0.50155,0.12525,0.5061628611840776,1.0091972110140117,1.0,0.001141452499999987,1.0093408551554828,0.012110016893990765,0.20080160320641277,0.009254411042386508,0.37794435552474737
"frozenset({'stubborn', 'no'})",frozenset({'smart worker'}),0.3732,0.50235,0.1892,0.5069667738478029,1.009190353036335,1.0,0.0017229800000000406,1.0093640217391306,0.014528812411376086,0.27566110584978515,0.009277150302025323,0.4417983068004815
frozenset({'smart worker'}),"frozenset({'stubborn', 'no'})",0.50235,0.3732,0.1892,0.37662983975316017,1.0091903530363349,1.0,0.0017229800000000406,1.0055020916493695,0.018299326071436816,0.27566110584978515,0.0054719842903002405,0.4417983068004815
frozenset({'salary'}),"frozenset({'Technical', 'yes'})",0.5039,0.3742,0.19025,0.3775550704504862,1.0089659819628172,1.0,0.0016906200000000038,1.0053901482544236,0.017912331163363368,0.2765864650723268,0.00536125032036788,0.4429865143807749
"frozenset({'Technical', 'yes'})",frozenset({'salary'}),0.3742,0.5039,0.19025,0.5084179583110636,1.0089659819628172,1.0,0.0016906200000000038,1.0091906496330525,0.014199916091634015,0.2765864650723268,0.009106950838668833,0.4429865143807749
frozenset({'stubborn'}),"frozenset({'work', 'smart worker'})",0.49845,0.25065,0.12605,0.2528839402146654,1.0089125881295251,1.0,0.0011135074999999994,1.002990084586466,0.017613110582897096,0.20231121097825214,0.002981170634103479,0.3778882098839136
"frozenset({'work', 'smart worker'})",frozenset({'stubborn'}),0.25065,0.49845,0.12605,0.5028924795531617,1.0089125881295251,1.0,0.0011135074999999994,1.0089366573033707,0.0117886910160166,0.20231121097825214,0.008857500853677078,0.3778882098839136
"frozenset({'no', 'yes'})",frozenset({'smart worker'}),0.5017,0.50235,0.25425,0.5067769583416384,1.008812497942945,1.0,0.002221004999999998,1.0089755708223884,0.0175306366128613,0.3390904241130968,0.008895726598288798,0.506449094279807
frozenset({'smart worker'}),"frozenset({'no', 'yes'})",0.50235,0.5017,0.25425,0.5061212302179755,1.008812497942945,1.0,0.002221004999999998,1.0089520556227327,0.017553534058452294,0.3390904241130968,0.008872627369005558,0.506449094279807
frozenset({'Management'}),"frozenset({'no', 'work'})",0.49765,0.37185,0.18665,0.37506279513714463,1.0086400299506377,1.0,0.0015988475000000002,1.0051409887459808,0.01705189466992411,0.2733396792853482,0.005114694160860653,0.43850625302103974
"frozenset({'no', 'work'})",frozenset({'Management'}),0.37185,0.49765,0.18665,0.5019497109049348,1.0086400299506375,1.0,0.0015988475000000002,1.0086330858531318,0.013636900879465699,0.2733396792853482,0.008559193599949846,0.43850625302103974
"frozenset({'hard worker', 'Management'})",frozenset({'work'}),0.244,0.4961,0.12205,0.5002049180327869,1.0082743761999333,1.0,0.0010016000000000053,1.0082132021320214,0.010855122694532829,0.1974759323679314,0.00814629496484798,0.3731119329127853
frozenset({'work'}),"frozenset({'hard worker', 'Management'})",0.4961,0.244,0.12205,0.24601894779278374,1.0082743761999333,1.0,0.0010016000000000053,1.0026777168827699,0.01628591537421476,0.1974759323679314,0.002670565863470567,0.3731119329127853
"frozenset({'hard worker', 'no', 'yes'})",frozenset({'salary'}),0.24745,0.5039,0.1257,0.5079814103859366,1.0080996435521663,1.0,0.0010099449999999982,1.0082952361396305,0.010676455289353754,0.20091105250539443,0.008226991304044685,0.37871783359146005
frozenset({'salary'}),"frozenset({'hard worker', 'no', 'yes'})",0.5039,0.24745,0.1257,0.24945425679698352,1.008099643552166,1.0,0.0010099449999999982,1.002670399259651,0.016195457423912856,0.20091105250539443,0.0026632872194319534,0.37871783359146005
frozenset({'yes'}),frozenset({'Management'}),0.7509,0.49765,0.3767,0.50166466906379,1.0080672542224256,1.0,0.0030146149999999983,1.0080561598075894,0.0321264329659511,0.4320697367666456,0.00799177677672948,0.6293111851297047
frozenset({'Management'}),frozenset({'yes'}),0.49765,0.7509,0.3767,0.7569577011956194,1.0080672542224256,1.0,0.0030146149999999983,1.0249244729226954,0.015930515480876716,0.4320697367666456,0.024318350845521624,0.6293111851297047
"frozenset({'stubborn', 'smart worker'})",frozenset({'yes'}),0.25085,0.7509,0.18985,0.7568267889176798,1.0078929137271007,1.0,0.0014867349999999613,1.0243727049180327,0.010453318431242259,0.23383421603645768,0.023792809785948766,0.5048283631630615
frozenset({'yes'}),"frozenset({'stubborn', 'smart worker'})",0.7509,0.25085,0.18985,0.2528299374084432,1.0078929137271004,1.0,0.0014867349999999613,1.0026499153373138,0.03143758933265812,0.23383421603645768,0.002642911844681513,0.5048283631630615
"frozenset({'Management', 'smart worker'})",frozenset({'gentle'}),0.25365,0.50155,0.1282,0.5054208555095605,1.007717785882884,1.0,0.0009818424999999964,1.0078265643682742,0.010261509810563214,0.2044657097288676,0.0077657849524735804,0.380514235949377
frozenset({'gentle'}),"frozenset({'Management', 'smart worker'})",0.50155,0.25365,0.1282,0.2556076163891935,1.0077177858828839,1.0,0.0009818424999999964,1.002629817865274,0.015364987154406373,0.2044657097288676,0.002622920063232406,0.380514235949377
frozenset({'no'}),frozenset({'smart worker'}),0.7508,0.50235,0.38005,0.5061933937133724,1.0076508285326413,1.0,0.002885620000000033,1.0077831962238706,0.030468450231373557,0.4352880540602451,0.0077230859306186865,0.6313688178878398
frozenset({'smart worker'}),frozenset({'no'}),0.50235,0.7508,0.38005,0.7565442420623072,1.0076508285326413,1.0,0.002885620000000033,1.0235946034341783,0.01525718436181712,0.4352880540602451,0.023050730587107427,0.6313688178878398
frozenset({'Technical'}),"frozenset({'stubborn', 'no'})",0.50235,0.3732,0.18885,0.37593311436249627,1.007323457562959,1.0,0.0013729800000000236,1.0043795215311004,0.014609091642555048,0.2750109217999126,0.00436042495612044,0.44098102663462435
"frozenset({'stubborn', 'no'})",frozenset({'Technical'}),0.3732,0.50235,0.18885,0.5060289389067524,1.0073234575629588,1.0,0.0013729800000000236,1.0074476810414972,0.011598938187488066,0.2750109217999126,0.007392623142273517,0.44098102663462435
"frozenset({'hard worker', 'yes'})",frozenset({'salary'}),0.37435,0.5039,0.19,0.5075464137838921,1.0072363837743443,1.0,0.0013650349999999867,1.0074045836723624,0.011483089166214393,0.2760624772974936,0.007350158806474657,0.44230267702490894
frozenset({'salary'}),"frozenset({'hard worker', 'yes'})",0.5039,0.37435,0.19,0.3770589402659258,1.0072363837743443,1.0,0.0013650349999999867,1.0043486301369864,0.014481747101072437,0.2760624772974936,0.004329801431991967,0.44230267702490894
"frozenset({'hard worker', 'Management'})",frozenset({'stubborn'}),0.244,0.49845,0.1225,0.5020491803278688,1.0072207449651296,1.0,0.0008781999999999957,1.0072279835390945,0.009482777237879231,0.19759658036938463,0.007176114700167128,0.3739055210496802
frozenset({'stubborn'}),"frozenset({'hard worker', 'Management'})",0.49845,0.244,0.1225,0.24576186177149162,1.0072207449651296,1.0,0.0008781999999999957,1.0023359489293788,0.014293648872169674,0.19759658036938463,0.0023305049887455344,0.3739055210496802
"frozenset({'hard worker', 'no', 'yes'})",frozenset({'Technical'}),0.24745,0.50235,0.1252,0.5059608001616488,1.0071878175806686,1.0,0.0008934925000000093,1.0073087321063394,0.009483119481091332,0.20044828690361832,0.007255702123277063,0.3775947128109926
frozenset({'Technical'}),"frozenset({'hard worker', 'no', 'yes'})",0.50235,0.24745,0.1252,0.24922862546033644,1.0071878175806686,1.0,0.0008934925000000093,1.0023690640328782,0.014340443214096818,0.20044828690361832,0.002363464833348537,0.3775947128109926
"frozenset({'stubborn', 'Management'})",frozenset({'smart worker'}),0.24795,0.50235,0.12545,0.505948779995967,1.0071638897102957,1.0,0.0008923175000000172,1.0072842244897962,0.009458059224276996,0.20076818436424745,0.007231548268797402,0.3778375332248174
frozenset({'smart worker'}),"frozenset({'stubborn', 'Management'})",0.50235,0.24795,0.12545,0.2497262864536678,1.0071638897102955,1.0,0.0008923175000000172,1.0023675179092597,0.01429304418691352,0.20076818436424745,0.0023619260071375387,0.3778375332248174
frozenset({'hard worker'}),"frozenset({'salary', 'yes'})",0.49765,0.3791,0.19,0.38179443383904355,1.007107448797266,1.0,0.0013408850000000139,1.004358475540387,0.014048550758802195,0.2766654532216964,0.004339561667005239,0.44149072786650145
"frozenset({'salary', 'yes'})",frozenset({'hard worker'}),0.3791,0.49765,0.19,0.5011870218939594,1.007107448797266,1.0,0.0013408850000000139,1.0070908778424115,0.01136622559781653,0.2766654532216964,0.0070409513167301275,0.44149072786650145
frozenset({'gentle'}),"frozenset({'Management', 'no', 'yes'})",0.50155,0.2513,0.1269,0.2530156514804107,1.0068271049757689,1.0,0.0008604849999999942,1.0022967703189642,0.013603795090232743,0.20273184759166069,0.002291507253119669,0.3789948929905038
"frozenset({'Management', 'no', 'yes'})",frozenset({'gentle'}),0.2513,0.50155,0.1269,0.5049741345005969,1.0068271049757689,1.0,0.0008604849999999942,1.006917081993569,0.009056780636739028,0.20273184759166069,0.006869564651613733,0.3789948929905038
frozenset({'hard worker'}),"frozenset({'work', 'Technical'})",0.49765,0.24635,0.1234,0.24796543755651562,1.0065574895738405,1.0,0.0008039224999999983,1.002148089512358,0.012968585734567762,0.19883983242023845,0.002143485114463755,0.37443938612146865
"frozenset({'work', 'Technical'})",frozenset({'hard worker'}),0.24635,0.49765,0.1234,0.5009133346864217,1.0065574895738405,1.0,0.0008039224999999983,1.0065386132574219,0.008644289847754418,0.19883983242023845,0.006496137526469113,0.37443938612146865
"frozenset({'no', 'yes'})",frozenset({'Management'}),0.5017,0.49765,0.2513,0.5008969503687463,1.0065245661986262,1.0,0.001628995000000022,1.006505571086262,0.013008774201565243,0.33594011095515014,0.006463522183231376,0.5029351626152985
frozenset({'Management'}),"frozenset({'no', 'yes'})",0.49765,0.5017,0.2513,0.5049733748618508,1.0065245661986262,1.0,0.001628995000000022,1.0066125228333673,0.012903896057808218,0.33594011095515014,0.006569084611380199,0.5029351626152985
frozenset({'hard worker'}),"frozenset({'no', 'Technical'})",0.49765,0.37855,0.1896,0.3809906560835929,1.0064473810159633,1.0,0.0012145925000000002,1.0039428420710925,0.012752221730860736,0.27614331488494026,0.003927357122202745,0.44092459762309344
"frozenset({'no', 'Technical'})",frozenset({'hard worker'}),0.37855,0.49765,0.1896,0.500858539162594,1.006447381015963,1.0,0.0012145925000000002,1.0064281159036783,0.010308276750338548,0.27614331488494026,0.006387059147196296,0.44092459762309344
frozenset({'gentle'}),"frozenset({'Management', 'no'})",0.50155,0.37225,0.1879,0.37463862027714084,1.0064167099453079,1.0,0.0011980124999999842,1.0038195839311335,0.012791249467281347,0.2739466394518151,0.003805050222446544,0.439703460575105
"frozenset({'Management', 'no'})",frozenset({'gentle'}),0.37225,0.50155,0.1879,0.5047683008730691,1.0064167099453076,1.0,0.0011980124999999842,1.006498576078112,0.010156588286684805,0.2739466394518151,0.0064566172596430315,0.439703460575105
"frozenset({'Management', 'gentle'})",frozenset({'yes'}),0.2497,0.7509,0.1887,0.7557068482178615,1.0064014492180868,1.0,0.0012002700000000033,1.0196765573770494,0.008477584059116175,0.23241778544155686,0.019296861573109118,0.5035026450438089
frozenset({'yes'}),"frozenset({'Management', 'gentle'})",0.7509,0.2497,0.1887,0.2512984418697563,1.0064014492180868,1.0,0.0012002700000000033,1.0021349519743863,0.02553485074088666,0.23241778544155686,0.002130403664875784,0.5035026450438089
frozenset({'Technical'}),"frozenset({'hard worker', 'yes'})",0.50235,0.37435,0.18925,0.37672937195182643,1.0063560089537236,1.0,0.0011952775000000082,1.003817558288087,0.012691380001197258,0.2752927485635319,0.003803039961362446,0.4411361565248647
"frozenset({'hard worker', 'yes'})",frozenset({'Technical'}),0.37435,0.50235,0.18925,0.505542941097903,1.0063560089537236,1.0,0.0011952775000000082,1.0064574689357104,0.010094885730993073,0.2752927485635319,0.0064160375723963095,0.4411361565248647
frozenset({'smart worker'}),"frozenset({'no', 'gentle'})",0.50235,0.3776,0.19085,0.379914402309147,1.0061292434034614,1.0,0.0011626400000000203,1.0037323916532905,0.012241343589168492,0.2769554491365549,0.0037185127074984485,0.4426717138664379
"frozenset({'no', 'gentle'})",frozenset({'smart worker'}),0.3776,0.50235,0.19085,0.5054290254237288,1.0061292434034614,1.0,0.0011626400000000203,1.0062256492637216,0.009787764519842063,0.2769554491365549,0.006187130360150392,0.4426717138664379
frozenset({'smart worker'}),"frozenset({'salary', 'no', 'yes'})",0.50235,0.25415,0.12845,0.2556982183736439,1.0060917504373164,1.0,0.0007777475000000367,1.0020800949451727,0.012166915917815468,0.20452193296712046,0.002075777131653736,0.38055420460291484
"frozenset({'salary', 'no', 'yes'})",frozenset({'smart worker'}),0.25415,0.50235,0.12845,0.5054101908321857,1.0060917504373161,1.0,0.0007777475000000367,1.0061873309466987,0.008118074286385826,0.20452193296712046,0.006149283295862117,0.38055420460291484
"frozenset({'Technical', 'yes'})",frozenset({'stubborn'}),0.3742,0.49845,0.18765,0.501469802244789,1.0060583854845802,1.0,0.0011300100000000146,1.0060574108818012,0.009622726874428993,0.2739416058394161,0.0060209395768896085,0.4389684250465594
frozenset({'stubborn'}),"frozenset({'Technical', 'yes'})",0.49845,0.3742,0.18765,0.37646704784832985,1.0060583854845802,1.0,0.0011300100000000146,1.003635810810811,0.012006584543949086,0.2739416058394161,0.0036226395786671025,0.4389684250465594
"frozenset({'stubborn', 'yes'})",frozenset({'smart worker'}),0.37565,0.50235,0.18985,0.505390656195927,1.0060528639313766,1.0,0.001142222500000012,1.0061475914962326,0.009636337303041776,0.2758846181791761,0.0061100295306482115,0.4416572072658743
frozenset({'smart worker'}),"frozenset({'stubborn', 'yes'})",0.50235,0.37565,0.18985,0.37792375833582165,1.0060528639313766,1.0,0.001142222500000012,1.0036551120000001,0.012089716055770383,0.2758846181791761,0.0036418008101572245,0.4416572072658743
frozenset({'no'}),"frozenset({'salary', 'Technical'})",0.7508,0.256,0.19335,0.2575253063399041,1.0059582278902504,1.0,0.0011451999999999851,1.0020543546506413,0.023767807695771755,0.23769131477042224,0.002050142929978641,0.506399371919952
"frozenset({'salary', 'Technical'})",frozenset({'no'}),0.256,0.7508,0.19335,0.7552734375,1.0059582278902504,1.0,0.0011451999999999851,1.0182793296089383,0.00796093773896011,0.23769131477042224,0.01795119382022454,0.506399371919952
frozenset({'yes'}),"frozenset({'Management', 'smart worker'})",0.7509,0.25365,0.1916,0.25516047409774933,1.0059549540616965,1.0,0.001134214999999994,1.0020279188271053,0.02376436172307979,0.23568485146687984,0.0020238146951823514,0.5052660245513387
"frozenset({'Management', 'smart worker'})",frozenset({'yes'}),0.25365,0.7509,0.1916,0.755371575004928,1.0059549540616965,1.0,0.001134214999999994,1.018279049153908,0.007931536819480372,0.23568485146687984,0.01795092334374953,0.5052660245513387
"frozenset({'hard worker', 'no'})",frozenset({'salary'}),0.37075,0.5039,0.1879,0.5068105192178017,1.0057759857467785,1.0,0.001079074999999985,1.005901421930544,0.009126444699724555,0.2736075718966145,0.005866799471480995,0.43985098296671
frozenset({'salary'}),"frozenset({'hard worker', 'no'})",0.5039,0.37075,0.1879,0.3728914467156182,1.0057759857467785,1.0,0.001079074999999985,1.0034147943037974,0.011575922852855625,0.2736075718966145,0.003403173167450405,0.43985098296671
frozenset({'Technical'}),"frozenset({'stubborn', 'hard worker'})",0.50235,0.2476,0.1251,0.2490295610630039,1.0057736714984002,1.0,0.000718140000000006,1.0019036182902583,0.011535270929242837,0.20020804993198368,0.001900001412817522,0.3771399824701126
"frozenset({'stubborn', 'hard worker'})",frozenset({'Technical'}),0.2476,0.50235,0.1251,0.5052504038772213,1.0057736714984002,1.0,0.000718140000000006,1.005862367346939,0.007629621980246809,0.20020804993198368,0.005828200295833109,0.3771399824701126
frozenset({'smart worker'}),frozenset({'work'}),0.50235,0.4961,0.25065,0.4989549119140042,1.005754710570458,1.0,0.001434165000000015,1.005697914183552,0.011497605472230676,0.33518320406525803,0.005665631899194723,0.5020978953845369
frozenset({'work'}),frozenset({'smart worker'}),0.4961,0.50235,0.25065,0.5052408788550695,1.005754710570458,1.0,0.001434165000000015,1.0058430026481973,0.011354997744107156,0.33518320406525803,0.00580906029351865,0.5020978953845369
frozenset({'salary'}),frozenset({'hard worker'}),0.5039,0.49765,0.2522,0.5004961301845604,1.0057191403286656,1.0,0.0014341649999999873,1.005697914183552,0.011462644151742732,0.33655835057049444,0.005665631899194634,0.5036390024980875
frozenset({'hard worker'}),frozenset({'salary'}),0.49765,0.5039,0.2522,0.5067818748116145,1.0057191403286654,1.0,0.0014341649999999873,1.005843002648197,0.011320031379873731,0.33655835057049444,0.005809060293518453,0.5036390024980875
"frozenset({'stubborn', 'yes'})",frozenset({'Management'}),0.37565,0.49765,0.188,0.5004658591774258,1.005658312423241,1.0,0.0010577775000000234,1.0056369704236612,0.009011733905389464,0.2743324091638698,0.005605373101275659,0.43912070211960813
frozenset({'Management'}),"frozenset({'stubborn', 'yes'})",0.49765,0.37565,0.188,0.37777554506179045,1.005658312423241,1.0,0.0010577775000000234,1.0034160423058291,0.011200310667522464,0.2743324091638698,0.003404412688060332,0.43912070211960813
frozenset({'no'}),"frozenset({'salary', 'gentle'})",0.7508,0.25635,0.19355,0.2577916888652104,1.0056239081927458,1.0,0.0010824199999999728,1.0019424315836696,0.02244164016664171,0.23789331366764996,0.0019386658578772272,0.506407059568162
"frozenset({'salary', 'gentle'})",frozenset({'no'}),0.25635,0.7508,0.19355,0.7550224302711136,1.0056239081927458,1.0,0.0010824199999999728,1.0172359872611458,0.00752028068248116,0.23789331366764996,0.016943941697887543,0.506407059568162
frozenset({'Management'}),"frozenset({'salary', 'smart worker'})",0.49765,0.2517,0.12595,0.25308952074751334,1.005520543295643,1.0,0.0006914950000000142,1.0018603578154426,0.010929101662045694,0.20203721527109403,0.0018569033108557557,0.37674340955929503
"frozenset({'salary', 'smart worker'})",frozenset({'Management'}),0.2517,0.49765,0.12595,0.5003972983710767,1.0055205432956429,1.0,0.0006914950000000142,1.0054989662027836,0.007336942696684025,0.20203721527109403,0.005468892945310508,0.37674340955929503
"frozenset({'no', 'yes'})",frozenset({'salary'}),0.5017,0.5039,0.25415,0.5065776360374725,1.0053138242458275,1.0,0.0013433699999999549,1.0054266612805491,0.0106075391724344,0.3382127886086898,0.005397371573216103,0.5054717908308022
frozenset({'salary'}),"frozenset({'no', 'yes'})",0.5039,0.5017,0.25415,0.5043659456241317,1.0053138242458275,1.0,0.0013433699999999549,1.0053788588588588,0.010654579257456281,0.3382127886086898,0.0053500815254499175,0.5054717908308022
frozenset({'gentle'}),"frozenset({'salary', 'smart worker'})",0.50155,0.2517,0.1269,0.2530156514804107,1.005227061900718,1.0,0.0006598650000000095,1.0017612838649406,0.01043210311303116,0.20260237886165886,0.0017581871981968997,0.37859364218835795
"frozenset({'salary', 'smart worker'})",frozenset({'gentle'}),0.2517,0.50155,0.1269,0.5041716328963052,1.005227061900718,1.0,0.0006598650000000095,1.0052873798076922,0.0069489266292802115,0.20260237886165886,0.005259570461039475,0.37859364218835795
"frozenset({'Management', 'yes'})",frozenset({'work'}),0.3767,0.4961,0.18785,0.4986726838332891,1.0051858170394863,1.0,0.0009691300000000125,1.0051317447709824,0.008277014410791818,0.27425359515293085,0.005105544420101457,0.4386630905560318
frozenset({'work'}),"frozenset({'Management', 'yes'})",0.4961,0.3767,0.18785,0.37865349727877445,1.0051858170394863,1.0,0.0009691300000000125,1.0031439740470398,0.010238267676615478,0.27425359515293085,0.00313412045367315,0.4386630905560318
"frozenset({'stubborn', 'smart worker'})",frozenset({'Management'}),0.25085,0.49765,0.12545,0.5000996611520829,1.0049224578560896,1.0,0.0006144975000000052,1.0049002990430624,0.00653853828280533,0.20134820640398046,0.004876403209083207,0.37609222985264146
frozenset({'Management'}),"frozenset({'stubborn', 'smart worker'})",0.49765,0.25085,0.12545,0.25208479855320004,1.0049224578560894,1.0,0.0006144975000000052,1.0016509873723805,0.009750862853714765,0.20134820640398046,0.0016482661058533309,0.37609222985264146
"frozenset({'no', 'Technical', 'yes'})",frozenset({'hard worker'}),0.2504,0.49765,0.1252,0.5,1.0047221943132725,1.0,0.0005884400000000095,1.0047000000000001,0.0062700106723586925,0.2010114794894437,0.004678013337314658,0.3757912187280217
frozenset({'hard worker'}),"frozenset({'no', 'Technical', 'yes'})",0.49765,0.2504,0.1252,0.2515824374560434,1.0047221943132725,1.0,0.0005884400000000095,1.0015799167673514,0.009356026674629392,0.2010114794894437,0.0015774245678273823,0.3757912187280217
"frozenset({'stubborn', 'smart worker'})",frozenset({'no'}),0.25085,0.7508,0.1892,0.754235598963524,1.0045759176392168,1.0,0.0008618199999999854,1.0139792376317922,0.006080323027126201,0.23287586928426363,0.01378651269471897,0.5031167339516608
frozenset({'no'}),"frozenset({'stubborn', 'smart worker'})",0.7508,0.25085,0.1892,0.25199786893979753,1.0045759176392166,1.0,0.0008618199999999854,1.0015345797720796,0.018278788105022443,0.23287586928426363,0.00153222844530136,0.5031167339516608
"frozenset({'work', 'smart worker'})",frozenset({'no'}),0.25065,0.7508,0.189,0.7540394973070018,1.0043147273668112,1.0,0.0008119800000000177,1.013170802919708,0.005733222761313898,0.2326297002892486,0.012999587909316988,0.5028854918607465
frozenset({'no'}),"frozenset({'work', 'smart worker'})",0.7508,0.25065,0.189,0.2517314864144912,1.0043147273668112,1.0,0.0008119800000000177,1.0014453186187255,0.01723992967973744,0.2326297002892486,0.0014432326876509503,0.5028854918607465
frozenset({'gentle'}),"frozenset({'hard worker', 'no'})",0.50155,0.37075,0.18675,0.3723457282424484,1.004304054598647,1.0,0.0008003374999999702,1.0025423681702668,0.008597871608142888,0.2724090146597622,0.002535920925623135,0.4380272134131999
"frozenset({'hard worker', 'no'})",frozenset({'gentle'}),0.37075,0.50155,0.18675,0.5037086985839514,1.0043040545986468,1.0,0.0008003374999999702,1.0043496603260869,0.006810662062898407,0.2724090146597622,0.004330822718329515,0.4380272134131999
"frozenset({'stubborn', 'Technical'})",frozenset({'work'}),0.2505,0.4961,0.1248,0.4982035928143712,1.004240259654044,1.0,0.0005269499999999983,1.0041921241050118,0.005633563401241835,0.20070762302991318,0.004174623564935948,0.37488288892885463
frozenset({'work'}),"frozenset({'stubborn', 'Technical'})",0.4961,0.2505,0.1248,0.25156218504333805,1.004240259654044,1.0,0.0005269499999999983,1.0014192028009696,0.008379352588272982,0.20070762302991318,0.001417191518796596,0.37488288892885463
frozenset({'gentle'}),"frozenset({'hard worker', 'yes'})",0.50155,0.37435,0.18855,0.3759346027315322,1.0042329443876912,1.0,0.0007947574999999651,1.002539161341853,0.008456419089045734,0.27431439586818934,0.00253273033090731,0.43980381799458934
"frozenset({'hard worker', 'yes'})",frozenset({'gentle'}),0.37435,0.50155,0.18855,0.5036730332576466,1.0042329443876912,1.0,0.0007947574999999651,1.0042774892357371,0.006737156708918477,0.27431439586818934,0.004259270253077564,0.43980381799458934
"frozenset({'hard worker', 'gentle'})",frozenset({'yes'}),0.25005,0.7509,0.18855,0.7540491901619676,1.0041938875508958,1.0,0.0007874549999999925,1.0128041463414632,0.005568867677892872,0.2320901033973412,0.01264227283005851,0.5025739358720345
frozenset({'yes'}),"frozenset({'hard worker', 'gentle'})",0.7509,0.25005,0.18855,0.25109868158210147,1.0041938875508958,1.0,0.0007874549999999925,1.0014002934115764,0.01676584630684769,0.2320901033973412,0.0013983353318240868,0.5025739358720345
"frozenset({'stubborn', 'Technical'})",frozenset({'no'}),0.2505,0.7508,0.18885,0.7538922155688622,1.0041185609601255,1.0,0.0007745999999999864,1.0125644768856443,0.0054725390133002726,0.2324450735429872,0.012408569698483906,0.5027119575446868
frozenset({'no'}),"frozenset({'stubborn', 'Technical'})",0.7508,0.2505,0.18885,0.2515316995205114,1.0041185609601253,1.0,0.0007745999999999864,1.0013784144496842,0.01645934185581282,0.2324450735429872,0.0013765170387076834,0.5027119575446868
"frozenset({'stubborn', 'work'})",frozenset({'yes'}),0.2509,0.7509,0.18915,0.7538860103626943,1.0039765752599472,1.0,0.0007491900000000107,1.0121326315789474,0.005287444589865301,0.23275702947148222,0.011987195354051797,0.5028918665477076
frozenset({'yes'}),"frozenset({'stubborn', 'work'})",0.7509,0.2509,0.18915,0.25189772273272076,1.0039765752599472,1.0,0.0007491900000000107,1.0013336715620829,0.015900540916371327,0.23275702947148222,0.0013318952512625171,0.5028918665477076
frozenset({'no'}),frozenset({'Technical'}),0.7508,0.50235,0.37855,0.5041955247735749,1.0036737827681397,1.0,0.0013856200000000318,1.003722283411686,0.014688344665683133,0.4328264349416876,0.0037084794003313846,0.6288769004379471
frozenset({'Technical'}),frozenset({'no'}),0.50235,0.7508,0.37855,0.7535582761023192,1.0036737827681395,1.0,0.0013856200000000318,1.0111924071082394,0.007355240612254066,0.4328264349416876,0.011068523685068849,0.6288769004379471
frozenset({'stubborn'}),frozenset({'yes'}),0.49845,0.7509,0.37565,0.7536362724445782,1.0036439904708725,1.0,0.0013638949999999483,1.0111066368078176,0.007239078887393435,0.42995307313723247,0.010984634462377326,0.6269513097473922
frozenset({'yes'}),frozenset({'stubborn'}),0.7509,0.49845,0.37565,0.5002663470502063,1.0036439904708723,1.0,0.0013638949999999483,1.003634630246502,0.014575511906753021,0.42995307313723247,0.0036214675510045564,0.6269513097473922
frozenset({'smart worker'}),"frozenset({'work', 'yes'})",0.50235,0.3718,0.18745,0.3731462127998408,1.0036207982782162,1.0,0.0006762700000000066,1.0021475706573517,0.007249543647353889,0.2729721858162225,0.002142968481121876,0.4386575604074513
"frozenset({'work', 'yes'})",frozenset({'smart worker'}),0.3718,0.50235,0.18745,0.5041689080150619,1.0036207982782162,1.0,0.0006762700000000066,1.0036684024952536,0.005742972613985456,0.2729721858162225,0.0036549945042939898,0.4386575604074513
"frozenset({'salary', 'no'})",frozenset({'smart worker'}),0.37895,0.50235,0.19105,0.5041562211373531,1.003595543221565,1.0,0.0006844675000000078,1.0036427221926556,0.005768716861620202,0.27678377399492937,0.003629500929073005,0.4422343761205826
frozenset({'smart worker'}),"frozenset({'salary', 'no'})",0.50235,0.37895,0.19105,0.3803125311038121,1.003595543221565,1.0,0.0006844675000000078,1.002198739158368,0.007199159262351505,0.27678377399492937,0.002193915310863973,0.4422343761205826
frozenset({'smart worker'}),"frozenset({'stubborn', 'salary'})",0.50235,0.24755,0.1248,0.24843236787100628,1.0035644026297972,1.0,0.0004432575000000022,1.0011740365514503,0.00713702961611887,0.19964805631099022,0.001172659805975533,0.37628647276604243
"frozenset({'stubborn', 'salary'})",frozenset({'smart worker'}),0.24755,0.50235,0.1248,0.5041405776610786,1.0035644026297972,1.0,0.0004432575000000022,1.0036110590631364,0.004720237608427877,0.19964805631099022,0.0035980662334544277,0.37628647276604243
"frozenset({'stubborn', 'Technical'})",frozenset({'hard worker'}),0.2505,0.49765,0.1251,0.49940119760479035,1.0035189342003223,1.0,0.0004386749999999995,1.0034982057416266,0.00467857868475066,0.20078645373565523,0.003486010958077767,0.3753913453109855
frozenset({'hard worker'}),"frozenset({'stubborn', 'Technical'})",0.49765,0.2505,0.1251,0.2513814930171807,1.0035189342003221,1.0,0.0004386749999999995,1.0011774929539659,0.006980381654664316,0.20078645373565523,0.0011761080949709301,0.3753913453109855
"frozenset({'Management', 'smart worker'})",frozenset({'no'}),0.25365,0.7508,0.1911,0.7534003548196334,1.0034634454177322,1.0,0.000659579999999993,1.0105448441247005,0.00462449436025597,0.23495420175816067,0.010434810672686149,0.5039644288749205
frozenset({'no'}),"frozenset({'Management', 'smart worker'})",0.7508,0.25365,0.1911,0.25452850293020773,1.003463445417732,1.0,0.000659579999999993,1.0011784527425407,0.013850286379522646,0.23495420175816067,0.001177065626325112,0.5039644288749205
"frozenset({'smart worker', 'yes'})",frozenset({'work'}),0.37655,0.4961,0.18745,0.49780905590227065,1.0034449826693623,1.0,0.0006435450000000231,1.003403199365415,0.005506705442514437,0.27356976065382377,0.0033916568808705335,0.4378281320632095
frozenset({'work'}),"frozenset({'smart worker', 'yes'})",0.4961,0.37655,0.18745,0.37784720822414836,1.0034449826693623,1.0,0.0006435450000000231,1.002085031589179,0.006813168303503921,0.27356976065382377,0.0020806932779667345,0.4378281320632095
"frozenset({'smart worker', 'Technical'})",frozenset({'salary'}),0.2487,0.5039,0.12575,0.5056292722155207,1.003431776573766,1.0,0.0004300700000000046,1.0034979259861732,0.0045521626000684795,0.20060620563133125,0.0034857331496082663,0.37759137752470817
frozenset({'salary'}),"frozenset({'smart worker', 'Technical'})",0.5039,0.2487,0.12575,0.2495534828338956,1.003431776573766,1.0,0.0004300700000000046,1.0011373000132222,0.0068938515650704465,0.20060620563133125,0.0011360080312732704,0.37759137752470817
"frozenset({'smart worker', 'Technical'})","frozenset({'no', 'yes'})",0.2487,0.5017,0.1252,0.5034177724165662,1.0034239035610248,1.0,0.0004272099999999973,1.0034591902834007,0.004541754887906727,0.200255918106206,0.003447265535954488,0.37648464861609654
"frozenset({'no', 'yes'})","frozenset({'smart worker', 'Technical'})",0.5017,0.2487,0.1252,0.24955152481562687,1.0034239035610248,1.0,0.0004272099999999973,1.0011346879150065,0.006847723153289833,0.200255918106206,0.0011334018576159512,0.37648464861609654
frozenset({'yes'}),"frozenset({'stubborn', 'salary'})",0.7509,0.24755,0.1865,0.2483686243174857,1.0033069049383385,1.0,0.0006147049999999932,1.0010891300496103,0.013231655407186908,0.22969394667159307,0.0010879451358704157,0.500875889617842
"frozenset({'stubborn', 'salary'})",frozenset({'yes'}),0.24755,0.7509,0.1865,0.7533831549181984,1.0033069049383385,1.0,0.0006147049999999932,1.0100688779688782,0.004380364624799332,0.22969394667159307,0.009968506295457221,0.500875889617842
"frozenset({'salary', 'hard worker'})",frozenset({'yes'}),0.2522,0.7509,0.19,0.7533703409992071,1.003289840190714,1.0,0.0006230200000000019,1.0100163987138266,0.004384932644529229,0.23367359488377815,0.00991706543238485,0.5032000193476526
frozenset({'yes'}),"frozenset({'salary', 'hard worker'})",0.7509,0.2522,0.19,0.253029697696098,1.0032898401907138,1.0,0.0006230200000000019,1.001110750579426,0.013163599484459887,0.23367359488377815,0.001109518181462999,0.5032000193476526
"frozenset({'gentle', 'Technical'})",frozenset({'no'}),0.25185,0.7508,0.1897,0.7532261266626961,1.0032313887356101,1.0,0.0006110199999999899,1.009831375703942,0.004305260302772423,0.23334768435943168,0.009735660765232896,0.5029449759578797
frozenset({'no'}),"frozenset({'gentle', 'Technical'})",0.7508,0.25185,0.1897,0.2526638252530634,1.0032313887356101,1.0,0.0006110199999999899,1.001088968098378,0.012925282887316165,0.23334768435943168,0.001087783536808653,0.5029449759578797
frozenset({'no'}),frozenset({'gentle'}),0.7508,0.50155,0.3776,0.5029302077783697,1.0027518847141255,1.0,0.0010362599999999556,1.0027766881028937,0.011012570734825549,0.43166619034009707,0.0027689994550499928,0.6278981614108676
frozenset({'gentle'}),frozenset({'no'}),0.50155,0.7508,0.3776,0.7528661150433654,1.0027518847141255,1.0,0.0010362599999999556,1.0083603065752313,0.005505733026619574,0.43166619034009707,0.008290991345768066,0.6278981614108676
frozenset({'salary'}),"frozenset({'no', 'smart worker', 'yes'})",0.5039,0.25425,0.12845,0.25491168882714826,1.0026025125944868,1.0,0.00033342500000002606,1.000888067652151,0.005232326353420063,0.20398602509131336,0.0008872796877617002,0.38006154746175513
"frozenset({'no', 'smart worker', 'yes'})",frozenset({'salary'}),0.25425,0.5039,0.12845,0.505211406096362,1.0026025125944868,1.0,0.00033342500000002606,1.002650437201908,0.003480733629140722,0.20398602509131336,0.0026434309541663644,0.38006154746175513
"frozenset({'no', 'yes'})","frozenset({'stubborn', 'Technical'})",0.5017,0.2505,0.126,0.25114610324895353,1.0025792544868404,1.0,0.0003241499999999953,1.0008627894596753,0.0051627915866325706,0.20121366975407218,0.0008620456957352013,0.3770700576125007
"frozenset({'stubborn', 'Technical'})","frozenset({'no', 'yes'})",0.2505,0.5017,0.126,0.5029940119760479,1.0025792544868404,1.0,0.0003241499999999953,1.0026036144578312,0.003432447028177465,0.20121366975407218,0.002596853253156407,0.3770700576125007
"frozenset({'no', 'smart worker'})",frozenset({'work'}),0.38005,0.4961,0.189,0.49730298644915144,1.0024248870170358,1.0,0.0004571949999999936,1.0023930646427637,0.003901961713075458,0.275049115913556,0.002387351556164825,0.43913728237998795
frozenset({'work'}),"frozenset({'no', 'smart worker'})",0.4961,0.38005,0.189,0.38097157831082445,1.0024248870170358,1.0,0.0004571949999999936,1.0014887495929665,0.004800597666245544,0.275049115913556,0.0014865365123388269,0.43913728237998795
"frozenset({'Management', 'gentle'})",frozenset({'no'}),0.2497,0.7508,0.1879,0.7525030036043252,1.0022682520036297,1.0,0.0004252399999999934,1.0068809061488673,0.0030162850595081706,0.23123307900566087,0.006833882842396396,0.5013846930648158
frozenset({'no'}),"frozenset({'Management', 'gentle'})",0.7508,0.2497,0.1879,0.25026638252530636,1.0022682520036297,1.0,0.0004252399999999934,1.000755445016877,0.009081535634626726,0.23123307900566087,0.0007548747505082742,0.5013846930648158
frozenset({'yes'}),frozenset({'salary'}),0.7509,0.5039,0.3791,0.5048608336662671,1.001906794336708,1.0,0.0007214899999999913,1.0019405325443786,0.007640166165063036,0.43291081420577826,0.001936774171068517,0.6285963227668505
frozenset({'salary'}),frozenset({'yes'}),0.5039,0.7509,0.3791,0.752331811867434,1.001906794336708,1.0,0.0007214899999999913,1.0057811698717949,0.0038362535612118565,0.43291081420577826,0.005747940053930223,0.6285963227668505
frozenset({'hard worker'}),frozenset({'gentle'}),0.49765,0.50155,0.25005,0.5024615693760676,1.0018175044882216,1.0,0.00045364249999998996,1.001832158723748,0.0036114405465676237,0.33377828205299337,0.0018288080571120704,0.5005080252423155
frozenset({'gentle'}),frozenset({'hard worker'}),0.50155,0.49765,0.25005,0.4985544811085634,1.0018175044882214,1.0,0.00045364249999998996,1.0018037475149106,0.0036396973790114285,0.33377828205299337,0.0018004998677483685,0.5005080252423155
frozenset({'stubborn'}),frozenset({'smart worker'}),0.49845,0.50235,0.25085,0.5032601063296218,1.001811697680147,1.0,0.0004536425000000177,1.001832158723748,0.0036056651726668874,0.33448896593106214,0.0018288080571121298,0.5013065735191455
frozenset({'smart worker'}),frozenset({'stubborn'}),0.50235,0.49845,0.25085,0.4993530407086693,1.001811697680147,1.0,0.0004536425000000177,1.0018037475149104,0.003633922168895965,0.33448896593106214,0.0018004998677486027,0.5013065735191455
"frozenset({'Management', 'gentle'})",frozenset({'salary'}),0.2497,0.5039,0.12605,0.5048057669203043,1.0017975132373573,1.0,0.00022616999999999776,1.0018291144359077,0.0023914274036517646,0.20086048920404745,0.0018257748847093475,0.3774773029878362
frozenset({'salary'}),"frozenset({'Management', 'gentle'})",0.5039,0.2497,0.12605,0.2501488390553681,1.0017975132373573,1.0,0.00022616999999999776,1.0005985708614529,0.0036167868997377924,0.20086048920404745,0.0005982127887086572,0.3774773029878362
frozenset({'hard worker'}),frozenset({'yes'}),0.49765,0.7509,0.37435,0.7522355068823471,1.0017785415932177,1.0,0.000664615000000035,1.0053902270884025,0.003534157457811435,0.4282200869366278,0.005361328311308995,0.6253852990531059
frozenset({'yes'}),frozenset({'hard worker'}),0.7509,0.49765,0.37435,0.4985350912238647,1.0017785415932174,1.0,0.000664615000000035,1.0017650112866818,0.007127193893743777,0.4282200869366278,0.0017619015106294595,0.6253852990531059
frozenset({'Technical'}),"frozenset({'stubborn', 'no', 'yes'})",0.50235,0.2504,0.126,0.25082114063899674,1.0016818715614886,1.0,0.00021155999999999953,1.0005621363092867,0.0033739528163319907,0.20103709613083365,0.0005618204895900893,0.3770080144089552
"frozenset({'stubborn', 'no', 'yes'})",frozenset({'Technical'}),0.2504,0.50235,0.126,0.5031948881789137,1.0016818715614884,1.0,0.00021155999999999953,1.0017006430868167,0.002239924785282304,0.20103709613083365,0.0016977558101350452,0.3770080144089552
frozenset({'yes'}),"frozenset({'Management', 'work'})",0.7509,0.24975,0.18785,0.250166466906379,1.0016675351606767,1.0,0.00031272499999998593,1.0005554124855696,0.006683095609458591,0.23111466535433067,0.000555104173780745,0.5011593095292656
"frozenset({'Management', 'work'})",frozenset({'yes'}),0.24975,0.7509,0.18785,0.7521521521521521,1.0016675351606767,1.0,0.00031272499999998593,1.0050521001615509,0.0022189391753630588,0.23111466535433067,0.005026704745693018,0.5011593095292656
frozenset({'salary'}),frozenset({'no'}),0.5039,0.7508,0.37895,0.7520341337566978,1.0016437583333748,1.0,0.0006218799999999636,1.0049770308123251,0.003307923454880851,0.4327148158721096,0.0049523826512752256,0.6283812117904426
frozenset({'no'}),frozenset({'salary'}),0.7508,0.5039,0.37895,0.5047282898241875,1.0016437583333746,1.0,0.0006218799999999636,1.0016723947828425,0.006585316316077008,0.4327148158721096,0.0016696025482513166,0.6283812117904426
frozenset({'hard worker'}),"frozenset({'no', 'gentle', 'yes'})",0.49765,0.2513,0.12525,0.25168290967547474,1.001523715381913,1.0,0.00019055499999998116,1.0005116944146077,0.0030285601783391495,0.2008177008177008,0.0005114327173430193,0.37504559331764187
"frozenset({'no', 'gentle', 'yes'})",frozenset({'hard worker'}),0.2513,0.49765,0.12525,0.49840827695980894,1.001523715381913,1.0,0.00019055499999998116,1.0015117413724712,0.0020320518306246454,0.2008177008177008,0.0015094594601551838,0.37504559331764187
"frozenset({'no', 'yes'})","frozenset({'stubborn', 'work'})",0.5017,0.2509,0.12605,0.25124576440103646,1.001378096456901,1.0,0.00017346999999998114,1.0004617862371887,0.0027617899270845933,0.2011810709440587,0.00046157308908884324,0.3768185776967319
"frozenset({'stubborn', 'work'})","frozenset({'no', 'yes'})",0.2509,0.5017,0.12605,0.5023913909924272,1.001378096456901,1.0,0.00017346999999998114,1.0013894273127752,0.0018371377929064913,0.2011810709440587,0.0013874994830969495,0.3768185776967319
frozenset({'salary'}),"frozenset({'smart worker', 'gentle'})",0.5039,0.2515,0.1269,0.2518356816828736,1.0013347184209687,1.0,0.0001691500000000068,1.000448673740053,0.002686835965130171,0.20190930787589498,0.0004484725222092493,0.3782041231475999
"frozenset({'smart worker', 'gentle'})",frozenset({'salary'}),0.2515,0.5039,0.1269,0.5045725646123261,1.0013347184209687,1.0,0.0001691500000000068,1.001357544141252,0.0017808140578504715,0.20190930787589498,0.0013557037136184657,0.3782041231475999
frozenset({'stubborn'}),"frozenset({'no', 'yes'})",0.49845,0.5017,0.2504,0.5023573076537265,1.001310160760866,1.0,0.0003276349999999928,1.001320842572062,0.0026088056736576102,0.33397799266422135,0.001319100248297237,0.5007301786424901
"frozenset({'no', 'yes'})",frozenset({'stubborn'}),0.5017,0.49845,0.2504,0.49910304963125374,1.001310160760866,1.0,0.0003276349999999928,1.0013037604456823,0.002625820761836192,0.33397799266422135,0.00130206286761785,0.5007301786424901
"frozenset({'work', 'Technical'})",frozenset({'no'}),0.24635,0.7508,0.1852,0.7517759285569312,1.0012998515675695,1.0,0.0002404199999999912,1.003931643499591,0.0017225026827681325,0.22809286286101363,0.003916246215614698,0.499223073495301
frozenset({'no'}),"frozenset({'work', 'Technical'})",0.7508,0.24635,0.1852,0.24667021843367073,1.0012998515675695,1.0,0.0002404199999999912,1.0004250707213578,0.005209326432055389,0.22809286286101363,0.00042489011301097523,0.499223073495301
"frozenset({'Management', 'yes'})",frozenset({'stubborn'}),0.3767,0.49845,0.188,0.4990708786833024,1.0012456187848378,1.0,0.000233885000000017,1.0012394541600425,0.00199593959399368,0.27359382958597106,0.001237919815177761,0.4381200516397754
frozenset({'stubborn'}),"frozenset({'Management', 'yes'})",0.49845,0.3767,0.188,0.37716922459624835,1.0012456187848378,1.0,0.000233885000000017,1.000753374134321,0.002480448906263106,0.27359382958597106,0.0007528069890074993,0.4381200516397754
"frozenset({'stubborn', 'salary'})","frozenset({'no', 'yes'})",0.24755,0.5017,0.12435,0.502322763078166,1.0012413057168945,1.0,0.00015416499999999778,1.0012513392857143,0.0016476400920910498,0.19899183869419107,0.0012497753926670678,0.3750900241541916
"frozenset({'no', 'yes'})","frozenset({'stubborn', 'salary'})",0.5017,0.24755,0.12435,0.24785728523021724,1.0012413057168945,1.0,0.00015416499999999778,1.000408546442295,0.002487992749937609,0.19899183869419107,0.00040837960026214685,0.3750900241541916
frozenset({'gentle'}),"frozenset({'no', 'smart worker'})",0.50155,0.38005,0.19085,0.3805203868009171,1.0012376971475256,1.0,0.00023592249999998538,1.0007593257161247,0.0024800223632741236,0.2762938834600072,0.0007587495780580687,0.4413455769026293
"frozenset({'no', 'smart worker'})",frozenset({'gentle'}),0.38005,0.50155,0.19085,0.5021707670043415,1.0012376971475256,1.0,0.00023592249999998538,1.0012469476744184,0.0019939787837309248,0.2762938834600072,0.0012453947323531713,0.4413455769026293
"frozenset({'salary', 'yes'})",frozenset({'Management'}),0.3791,0.49765,0.18885,0.4981535214982854,1.0010117984492826,1.0,0.00019088500000000175,1.001003337713535,0.0016279203542408057,0.27453118185782815,0.0010023320360016317,0.4388185471452042
frozenset({'Management'}),"frozenset({'salary', 'yes'})",0.49765,0.3791,0.18885,0.37948357279212297,1.0010117984492823,1.0,0.00019088500000000175,1.0006181509067358,0.0020120946510363614,0.27453118185782815,0.0006177690322483121,0.4388185471452042
frozenset({'stubborn'}),"frozenset({'no', 'Technical'})",0.49845,0.37855,0.18885,0.37887451098405056,1.0008572473492288,1.0,0.00016175250000000085,1.000522456395349,0.001707732241330677,0.2744314466322749,0.0005221835771993938,0.4388759029626368
"frozenset({'no', 'Technical'})",frozenset({'stubborn'}),0.37855,0.49845,0.18885,0.49887729494122307,1.0008572473492288,1.0,0.00016175250000000085,1.0008526752767526,0.001378249425761366,0.2744314466322749,0.0008519488410389124,0.4388759029626368
frozenset({'Technical'}),"frozenset({'hard worker', 'work'})",0.50235,0.24545,0.1234,0.24564546630835077,1.0007963589665951,1.0,9.819250000001056e-05,1.0002591172977966,0.0015989657060796858,0.1976297245355541,0.00025905017341563426,0.37419775861760984
"frozenset({'hard worker', 'work'})",frozenset({'Technical'}),0.24545,0.50235,0.1234,0.502750050926869,1.0007963589665951,1.0,9.819250000001056e-05,1.000804526833265,0.0010545693242734818,0.1976297245355541,0.0008038800901617825,0.37419775861760984
"frozenset({'Management', 'no', 'yes'})",frozenset({'work'}),0.2513,0.4961,0.12475,0.4964186231595702,1.0006422559152797,1.0,8.006999999998765e-05,1.0006327143421572,0.0008572775308864039,0.2003533285152172,0.0006323142678511774,0.37394001103554
frozenset({'work'}),"frozenset({'Management', 'no', 'yes'})",0.4961,0.2513,0.12475,0.25146139891150976,1.0006422559152794,1.0,8.006999999998765e-05,1.0002156186885687,0.0012737521083045257,0.2003533285152172,0.0002155722071720794,0.37394001103554
"frozenset({'salary', 'no', 'yes'})",frozenset({'Management'}),0.25415,0.49765,0.12655,0.4979342907731655,1.0005712664988757,1.0,7.225250000000849e-05,1.0005662421630095,0.0007654894949208456,0.20239904038384643,0.0005659217142739055,0.3761147390769274
frozenset({'Management'}),"frozenset({'salary', 'no', 'yes'})",0.49765,0.25415,0.12655,0.25429518738068924,1.0005712664988757,1.0,7.225250000000849e-05,1.0001946981945566,0.0011365389465247588,0.20239904038384643,0.0001946602945488355,0.3761147390769274
frozenset({'yes'}),"frozenset({'salary', 'gentle'})",0.7509,0.25635,0.1926,0.2564922093487815,1.0005547468257516,1.0,0.00010678499999997038,1.000191268135411,0.002225769780555178,0.23642054870189652,0.00019123155890735216,0.5039043843701192
"frozenset({'salary', 'gentle'})",frozenset({'yes'}),0.25635,0.7509,0.1926,0.7513165593914569,1.0005547468257516,1.0,0.00010678499999997038,1.001675058823529,0.0007455647849610636,0.23642054870189652,0.0016722576935243095,0.5039043843701192
frozenset({'yes'}),"frozenset({'salary', 'smart worker'})",0.7509,0.2517,0.1891,0.2518311359701691,1.0005210010733776,1.0,9.84699999999894e-05,1.0001752758988962,0.0020904446913168613,0.2324523663183774,0.00017524518263947102,0.5015611778380842
"frozenset({'salary', 'smart worker'})",frozenset({'yes'}),0.2517,0.7509,0.1891,0.7512912197059992,1.0005210010733776,1.0,9.84699999999894e-05,1.0015730031948882,0.000695883699862395,0.2324523663183774,0.0015705327418675302,0.5015611778380842
frozenset({'Management'}),frozenset({'gentle'}),0.49765,0.50155,0.2497,0.5017582638400483,1.0004152404347488,1.0,0.00010364250000000075,1.0004179975801573,0.0008262527753519271,0.33315543695797195,0.0004178229311831468,0.4998074541212005
frozenset({'gentle'}),frozenset({'Management'}),0.50155,0.49765,0.2497,0.49785664440235267,1.0004152404347486,1.0,0.00010364250000000075,1.0004115247170935,0.0008327175879186291,0.33315543695797195,0.00041135543416479496,0.4998074541212005
frozenset({'Technical'}),frozenset({'stubborn'}),0.50235,0.49845,0.2505,0.4986563153180054,1.0004139137686938,1.0,0.00010364250000000075,1.0004115247170935,0.000831392575042827,0.3338664534186326,0.0004113554341649133,0.5006071224498544
frozenset({'stubborn'}),frozenset({'Technical'}),0.49845,0.50235,0.2505,0.5025579295817033,1.0004139137686938,1.0,0.00010364250000000075,1.0004179975801575,0.0008249277539030264,0.3338664534186326,0.0004178229311832568,0.5006071224498544
"frozenset({'no', 'yes'})","frozenset({'work', 'smart worker'})",0.5017,0.25065,0.1258,0.25074745864062187,1.0003888236210727,1.0,4.889499999999325e-05,1.0001300744878956,0.0007799969817888494,0.20078206048998481,0.00013005757072380542,0.37632126572565705
"frozenset({'work', 'smart worker'})","frozenset({'no', 'yes'})",0.25065,0.5017,0.1258,0.5018950728106922,1.0003888236210727,1.0,4.889499999999325e-05,1.0003916299559472,0.0005186795169485334,0.20078206048998481,0.0003914766419670849,0.37632126572565705
frozenset({'yes'}),"frozenset({'hard worker', 'work'})",0.7509,0.24545,0.18435,0.2455053935277667,1.000225681514633,1.0,4.159500000000538e-05,1.0000734180566588,0.0009057831954190034,0.22703201970443349,7.341266684342474e-05,0.4982874288885523
"frozenset({'hard worker', 'work'})",frozenset({'yes'}),0.24545,0.7509,0.18435,0.751069464249338,1.000225681514633,1.0,4.159500000000538e-05,1.0006807692307693,0.0002990266966786478,0.22703201970443349,0.0006803060993093025,0.4982874288885523
frozenset({'smart worker'}),"frozenset({'stubborn', 'work'})",0.50235,0.2509,0.12605,0.250920672837663,1.0000823947296253,1.0,1.0385000000001643e-05,1.0000275976614403,0.00016555398632201484,0.20097257653061223,2.7596899830455056e-05,0.37665603191504515
"frozenset({'stubborn', 'work'})",frozenset({'smart worker'}),0.2509,0.50235,0.12605,0.5023913909924272,1.0000823947296253,1.0,1.0385000000001643e-05,1.000083179815779,0.00010998256747183378,0.20097257653061223,8.317289747268461e-05,0.37665603191504515
frozenset({'Technical'}),"frozenset({'no', 'gentle'})",0.50235,0.3776,0.1897,0.37762516173982286,1.000066635963514,1.0,1.2640000000035956e-05,1.000040428594275,0.00013389234091888127,0.2748279608837378,4.0426959869642356e-05,0.440004318158047
"frozenset({'no', 'gentle'})",frozenset({'Technical'}),0.3776,0.50235,0.1897,0.5023834745762712,1.000066635963514,1.0,1.2640000000035956e-05,1.0000672698243747,0.00010705578961806115,0.2748279608837378,6.72652994498759e-05,0.440004318158047
"frozenset({'stubborn', 'Management'})","frozenset({'no', 'yes'})",0.24795,0.5017,0.1244,0.5017140552530752,1.0000280152542858,1.0,3.48499999998364e-06,1.0000282072035613,3.725080706501522e-05,0.1989604158336665,2.820640793735649e-05,0.3748355008176877
"frozenset({'no', 'yes'})","frozenset({'stubborn', 'Management'})",0.5017,0.24795,0.1244,0.24795694638230015,1.0000280152542858,1.0,3.48499999998364e-06,1.0000092366816855,5.622008720297953e-05,0.1989604158336665,9.236596370113238e-06,0.3748355008176877
